canonical_id,isolation_forest_score,lof_score,autoencoder_loss,autoencoder_loss_normalised,ensemble_anomaly_score,anomaly_score_normalized,is_anomaly,detection_method,anomaly_rank,detection_timestamp
00c59f30-d103-1424-4124-1bb4655ce508,0.021797,0.022154,0.030871,0.007343,0.017532,1.75,False,NONE,437,2026-06-21 15:10:28
0274ce40-e090-16b6-b186-a5a8d6ee526b,0.458988,0.03043,0.130894,0.044203,0.248841,24.88,True,IF_PREDICT,93,2026-06-21 15:10:28
02e7df89-b395-7a98-2320-4ff5b538f96c,0.272784,0.26418,0.323755,0.115274,0.22381,22.38,False,NONE,120,2026-06-21 15:10:28
033d2bce-575a-ed2c-a5c5-650c8186a576,0.441931,0.034745,0.346985,0.123835,0.265065,26.51,True,IF_PREDICT,80,2026-06-21 15:10:28
03edd1f8-74f9-3d17-e912-b4bf86a4bae4,0.29029,0.074561,0.138724,0.047088,0.174184,17.42,False,NONE,185,2026-06-21 15:10:28
0406ff44-7ce4-0679-a8c6-dbc07bb3447b,0.010219,0.025793,0.03495,0.008846,0.012922,1.29,False,NONE,446,2026-06-21 15:10:28
042b03ca-75a7-2686-d632-1d31c8acffcf,0.332015,0.117131,0.192228,0.066805,0.209475,20.95,False,NONE,135,2026-06-21 15:10:28
04ffeab2-cb7b-0b3a-8b2d-158acd5ae324,0.117588,0.029734,0.039807,0.010636,0.067931,6.79,False,NONE,354,2026-06-21 15:10:28
05000bc6-b20d-cb6e-f231-1f1795863a76,0.065266,0.057052,0.062422,0.01897,0.049734,4.97,False,NONE,387,2026-06-21 15:10:28
059dd55d-4b94-3e30-b303-f438fe2110d0,0.060369,0.026547,0.14103,0.047938,0.049875,4.99,False,NONE,385,2026-06-21 15:10:28
05c8234b-1d76-3a66-b5f5-9cb0cf685878,0.034593,0.146923,0.039668,0.010585,0.049857,4.99,False,NONE,386,2026-06-21 15:10:28
061efb95-68f8-2063-eeb1-9ad201a1fb0f,0.164277,0.218889,0.043668,0.012059,0.129534,12.95,False,NONE,247,2026-06-21 15:10:28
06a241af-1d0a-f7f7-f5e4-a4713fe68c9c,0.342255,0.050257,0.312404,0.111092,0.214506,21.45,True,IF_PREDICT,131,2026-06-21 15:10:28
06e3f949-8cd3-4c62-c482-9b71ae84b81c,0.061078,0.034708,0.034734,0.008766,0.04011,4.01,False,NONE,407,2026-06-21 15:10:28
085eb489-4ac6-6780-3874-9f3cc2d49b56,0.674576,0.267892,0.478355,0.172246,0.44254,44.25,True,ML_ENSEMBLE|IF_PREDICT|DOMAIN_RULE,6,2026-06-21 15:10:28
098c60b3-efc9-909e-d9af-6e09b91e3d6e,0.147494,0.05065,0.064122,0.019596,0.089756,8.98,False,NONE,314,2026-06-21 15:10:28
09a0a0f6-73b0-a091-7634-c1694f76e388,0.331241,0.054956,0.310911,0.110541,0.209774,20.98,False,NONE,134,2026-06-21 15:10:28
09b7fdf7-7d8d-3ddd-2cf1-49cb4f1e1a37,0.275397,0.036042,0.041609,0.0113,0.148297,14.83,False,NONE,222,2026-06-21 15:10:28
0a0537f0-2c2c-d22b-a568-95c6812a1f9b,0.45276,0.084389,0.185743,0.064415,0.262582,26.26,True,IF_PREDICT|DOMAIN_RULE,83,2026-06-21 15:10:28
0ab54bde-20a0-4502-6e06-809725e97977,0.043333,0.025686,0.150808,0.051541,0.042266,4.23,False,NONE,402,2026-06-21 15:10:28
0ba6eab9-4639-447b-2067-bdac88bd13d1,0.242783,0.031626,0.227513,0.079808,0.151659,15.17,False,NONE,215,2026-06-21 15:10:28
0c3ce284-c7e5-3bbb-dcb5-1c535b62a8df,0.49589,0.094254,0.301844,0.1072,0.298956,29.9,True,IF_PREDICT|DOMAIN_RULE,55,2026-06-21 15:10:28
0cf697a5-7603-c36c-f139-4e3c0aee2557,0.117588,0.029734,0.039807,0.010636,0.067931,6.79,False,NONE,355,2026-06-21 15:10:28
0d259caa-b8ad-ad87-3a40-45dd93dfd907,0.1278,0.200989,0.064171,0.019614,0.109982,11.0,False,NONE,279,2026-06-21 15:10:28
0d31812e-30c3-6756-d453-f867b97e6224,0.63928,0.054844,0.61205,0.221515,0.397063,39.71,True,ML_ENSEMBLE|IF_PREDICT,11,2026-06-21 15:10:28
0e165b12-9bdc-70d1-9cbf-7b8c74102d5d,0.017782,0.059204,0.032352,0.007889,0.023099,2.31,False,NONE,428,2026-06-21 15:10:28
0e5dd462-cbd0-0ef2-530a-37df0bc61066,0.248127,0.032013,0.142794,0.048588,0.145042,14.5,True,DOMAIN_RULE,226,2026-06-21 15:10:28
0eaf04b5-f2a9-dc8a-ca9e-4a62fae3114b,0.301024,0.129988,0.271689,0.096088,0.205336,20.53,False,NONE,139,2026-06-21 15:10:28
0f6ce9bf-fe7e-e362-8a89-b0f0105291d3,0.062332,0.031596,0.055255,0.016329,0.042384,4.24,False,NONE,401,2026-06-21 15:10:28
0fc98d2e-030f-9be9-1f17-8f9323c97a1e,0.135198,0.029106,0.037836,0.00991,0.076393,7.64,False,NONE,342,2026-06-21 15:10:28
118a9d29-2f92-3996-d9f1-95d014822f53,0.02347,0.0,0.033564,0.008335,0.014235,1.42,False,NONE,443,2026-06-21 15:10:28
1238d630-743b-65a2-dc0f-2fcfb3f6fe0d,0.065277,0.244126,0.032945,0.008107,0.083896,8.39,False,NONE,325,2026-06-21 15:10:28
13325c31-d010-318a-eadc-9960424211e2,0.135198,0.029106,0.037836,0.00991,0.076393,7.64,False,NONE,343,2026-06-21 15:10:28
13aec376-c359-810a-71a6-014c5f3c44dc,0.211869,0.176151,0.559418,0.202119,0.201801,20.18,False,NONE,144,2026-06-21 15:10:28
14a34f7f-d90d-d19b-d3fb-e043af1d5a1a,0.233952,0.201908,0.090863,0.029451,0.166193,16.62,True,DOMAIN_RULE,196,2026-06-21 15:10:28
1578d709-48f9-e3d0-1fea-e1e0d9e604b3,0.243608,0.127127,0.112432,0.037399,0.158449,15.84,False,NONE,205,2026-06-21 15:10:28
15fa9483-f633-cc2d-eba9-00e16a7d5d96,0.266015,0.057567,0.047588,0.013503,0.148572,14.86,True,DOMAIN_RULE,221,2026-06-21 15:10:28
16591c89-21eb-faa9-1a2b-d69c450f69ee,0.276076,0.022958,0.116711,0.038976,0.154322,15.43,True,DOMAIN_RULE,210,2026-06-21 15:10:28
1674eb65-0f9c-5300-7aa1-c5678cf9eea9,0.431276,0.286595,0.125408,0.042181,0.285611,28.56,True,IF_PREDICT,63,2026-06-21 15:10:28
170d7507-05ee-e1d4-7f53-a88e4efc8248,0.298552,0.064761,0.170758,0.058893,0.179896,17.99,False,NONE,174,2026-06-21 15:10:28
17e52113-4626-23be-e068-8849eec71a30,0.284102,0.059259,0.287058,0.101751,0.184428,18.44,False,NONE,168,2026-06-21 15:10:28
17e8392a-55ce-e5db-9e87-e04ca2086977,0.608393,0.029109,0.453365,0.163037,0.358929,35.89,True,ML_ENSEMBLE|IF_PREDICT,22,2026-06-21 15:10:28
183fea70-3ff6-579e-8cd4-b90abf8211bc,0.117588,0.029734,0.039807,0.010636,0.067931,6.79,False,NONE,356,2026-06-21 15:10:28
18fdd2b9-79e5-c9aa-592a-35497ba109d0,0.443153,0.033281,0.094325,0.030726,0.237451,23.75,True,IF_PREDICT,105,2026-06-21 15:10:28
1986b4b2-70b7-e868-d854-80f0dfcaf0b7,0.687249,0.130582,0.589694,0.213276,0.433724,43.37,True,ML_ENSEMBLE|IF_PREDICT,8,2026-06-21 15:10:28
1a432f0a-7daa-39f0-c0b6-fce2de53790a,0.044396,0.165983,0.098467,0.032253,0.065071,6.51,False,NONE,367,2026-06-21 15:10:28
1c0f0bdc-ac7e-937c-54cc-1e2a5e4cb287,0.124468,0.131985,0.130321,0.043991,0.101828,10.18,False,NONE,294,2026-06-21 15:10:28
1ca3c448-0279-b6a6-8f97-97b06d7ce3c9,0.118504,0.028078,0.180556,0.062504,0.083618,8.36,False,NONE,328,2026-06-21 15:10:28
1dde7969-6886-13db-a634-8e784d5c55c7,0.315413,0.060799,0.274772,0.097224,0.199033,19.9,True,DOMAIN_RULE,149,2026-06-21 15:10:28
1e5ebe54-5907-7299-dc3b-bdd8a74e02a9,0.629505,0.02331,0.226858,0.079567,0.343284,34.33,True,ML_ENSEMBLE|IF_PREDICT,32,2026-06-21 15:10:28
1eb74b56-53ff-d3a2-4a19-35014169b9fc,0.103748,0.009853,0.022361,0.004207,0.055107,5.51,False,NONE,376,2026-06-21 15:10:28
1f5df912-54e0-7431-cf13-3b65d450afa2,0.458079,0.274076,0.481964,0.173576,0.335928,33.59,True,ML_ENSEMBLE|IF_PREDICT,40,2026-06-21 15:10:28
20509c62-08e8-95d7-702c-1821c8040fb7,0.308723,0.117491,0.231381,0.081233,0.20223,20.22,False,NONE,142,2026-06-21 15:10:28
21084dd9-f75d-1e3c-c48d-56502e9522d6,0.370573,0.260651,1.231681,0.449857,0.372374,37.24,True,ML_ENSEMBLE|IF_PREDICT,21,2026-06-21 15:10:28
22ab7752-c4db-5a62-2e13-418d68ab80ea,0.197188,0.031354,0.171449,0.059148,0.122609,12.26,False,NONE,257,2026-06-21 15:10:28
23d7e6a1-19b8-14fc-e587-1d8916312fc6,0.168769,0.088393,0.048296,0.013764,0.106192,10.62,False,NONE,292,2026-06-21 15:10:28
24108e9a-3f77-9cae-7318-b96d44790612,0.206212,0.355449,0.314248,0.111771,0.207727,20.77,True,DOMAIN_RULE,138,2026-06-21 15:10:28
255bfc1c-7e3d-5ee4-44b6-4ec14d16f049,0.02402,0.080101,0.077857,0.024658,0.035428,3.54,False,NONE,417,2026-06-21 15:10:28
25f88c74-53ea-4919-db48-62c2d5ff2a1f,0.475625,0.195689,0.197539,0.068762,0.297579,29.76,True,IF_PREDICT,57,2026-06-21 15:10:28
2620f9a9-74fd-33d1-84f2-fd0f79474bfa,0.174169,0.026932,0.162894,0.055995,0.109269,10.93,False,NONE,283,2026-06-21 15:10:28
267eddce-df8f-4197-9a4a-99b2e806133c,0.424559,0.618869,2.724555,1.0,0.636054,63.61,True,ML_ENSEMBLE|IF_PREDICT,1,2026-06-21 15:10:28
26a9e100-b509-109b-1166-58ce3b3f3800,0.241661,0.075915,0.260026,0.091789,0.16355,16.36,False,NONE,199,2026-06-21 15:10:28
277eb0aa-a247-541d-c8ad-0899b630794d,0.3208,0.118474,0.292657,0.103814,0.215239,21.52,False,NONE,130,2026-06-21 15:10:28
27b608dc-589d-ecb0-75eb-89c23f5cf2f3,0.247211,0.495966,0.373978,0.133782,0.262933,26.29,True,DOMAIN_RULE,82,2026-06-21 15:10:28
27d415b6-0d77-c5a0-e222-b6a615bfbe97,0.261251,0.035439,0.067799,0.020951,0.143999,14.4,False,NONE,229,2026-06-21 15:10:28
286ed390-edd9-7a1a-fa58-5b278ce3e7c3,0.341652,1.0,0.13808,0.046851,0.384881,38.49,True,ML_ENSEMBLE|IF_PREDICT,14,2026-06-21 15:10:28
2976aab2-2a26-f770-4ddb-1b36272c0588,0.066189,0.025026,0.031102,0.007428,0.040328,4.03,False,NONE,406,2026-06-21 15:10:28
2a96e1e2-7194-eae2-19ba-d7aedf615a5c,0.115416,0.341489,0.050034,0.014405,0.130327,13.03,False,NONE,246,2026-06-21 15:10:28
2ab8bd33-911f-730b-dbff-00b07fe670f3,0.089478,0.031962,0.061156,0.018503,0.056682,5.67,False,NONE,373,2026-06-21 15:10:28
2ad11fe8-7d1b-695e-71a0-449dd703262f,0.426885,0.042784,0.206421,0.072035,0.24361,24.36,True,IF_PREDICT,97,2026-06-21 15:10:28
2b1ac76c-89ec-bc51-98cb-aa5247f53019,0.081357,0.225151,0.025722,0.005445,0.087342,8.73,False,NONE,317,2026-06-21 15:10:28
2c2ac34b-9e0b-7b01-7536-59efd873dad9,0.49839,0.034727,0.119335,0.039943,0.268124,26.81,True,IF_PREDICT,77,2026-06-21 15:10:28
2c78644f-d860-65a2-fdd5-b0f8d6d744fd,0.48231,0.286128,0.119962,0.040174,0.310433,31.04,True,ML_ENSEMBLE|IF_PREDICT,49,2026-06-21 15:10:28
2c913a7c-a340-4f08-b341-91b8ed6522b4,0.105174,0.104338,0.100893,0.033147,0.083399,8.34,False,NONE,329,2026-06-21 15:10:28
2d79a2d1-506e-50c7-7aa0-61e9336b00cb,0.454188,0.134277,0.420778,0.151028,0.299258,29.93,True,IF_PREDICT,53,2026-06-21 15:10:28
2e183554-cae2-8e66-ae8a-781390e0a95b,0.087242,0.022857,0.021735,0.003976,0.049385,4.94,False,NONE,388,2026-06-21 15:10:28
2e85cb21-7631-de9d-dde9-f86322bd3388,0.185773,0.367585,0.240645,0.084647,0.191798,19.18,True,DOMAIN_RULE,159,2026-06-21 15:10:28
2fb21e66-7ed1-7aab-c9b7-c9bc65a16fa9,0.184587,0.073874,0.084543,0.027122,0.115205,11.52,False,NONE,267,2026-06-21 15:10:28
2fe5b140-23ea-7956-49f1-137d7d592e19,0.054243,0.047162,0.041383,0.011217,0.039919,3.99,False,NONE,408,2026-06-21 15:10:28
3098f7b2-500e-15c0-b89b-df7f93e34c35,0.004654,0.048934,0.061074,0.018473,0.017656,1.77,False,NONE,436,2026-06-21 15:10:28
30cbd755-6232-b17a-2507-41818d1fb540,0.073115,0.248431,0.035531,0.00906,0.088962,8.9,False,NONE,315,2026-06-21 15:10:28
30d73df7-1c22-1cea-b355-56a5f2bd92f2,0.038352,0.023035,0.031598,0.007611,0.026066,2.61,False,NONE,424,2026-06-21 15:10:28
310c0c00-3fa7-f104-1bf9-0e27dc96925e,0.137637,0.042554,0.049241,0.014112,0.081563,8.16,False,NONE,332,2026-06-21 15:10:28
31f3f0c0-22f3-f068-7c0f-549d02740f73,0.043654,0.04043,0.074445,0.0234,0.036933,3.69,False,NONE,413,2026-06-21 15:10:28
329fc417-1081-3d45-ff45-f8a20594b24f,0.181833,0.029968,0.032607,0.007983,0.099305,9.93,False,NONE,298,2026-06-21 15:10:28
34879e41-1a9c-672a-4eb9-047dba2ac3d9,0.125671,0.026468,0.17833,0.061683,0.086634,8.66,False,NONE,321,2026-06-21 15:10:28
3508507a-f622-d842-0402-2b3c508211a5,0.19989,0.035768,0.052495,0.015311,0.111692,11.17,False,NONE,273,2026-06-21 15:10:28
35ebd32d-9ad6-20ab-4821-2ddb45b89cd9,0.057234,0.032406,0.036449,0.009399,0.037918,3.79,False,NONE,412,2026-06-21 15:10:28
378e6510-8f10-d33e-abe4-2e7db96c1163,0.183881,0.177359,0.056475,0.016778,0.132446,13.24,False,NONE,242,2026-06-21 15:10:28
37bb3eec-4bf5-0b52-309d-258c27a0c3d7,0.067305,0.028267,0.048894,0.013985,0.043501,4.35,False,NONE,397,2026-06-21 15:10:28
3805f907-6cd6-6193-c746-8f591b494e15,0.15216,0.031537,0.05195,0.015111,0.086921,8.69,False,NONE,319,2026-06-21 15:10:28
3810ae66-5a31-b4cc-cd4b-69a99b689c88,0.521311,0.160658,0.414065,0.148555,0.337353,33.74,True,ML_ENSEMBLE|IF_PREDICT,38,2026-06-21 15:10:28
38e7e019-fb89-86c8-c7ec-fe71d49347fc,0.196252,0.030169,0.032883,0.008084,0.106585,10.66,False,NONE,287,2026-06-21 15:10:28
39118497-3a43-b2ba-df0f-06cbcb9bc326,0.268634,0.036772,0.153176,0.052414,0.157396,15.74,False,NONE,206,2026-06-21 15:10:28
3922a7e4-2de9-82f8-0d7b-ec04e6e59b32,0.204685,0.112011,0.105062,0.034683,0.13515,13.51,False,NONE,239,2026-06-21 15:10:28
39669fa7-5997-0043-f3b1-025bfff9f585,0.019925,0.036784,0.030936,0.007367,0.019529,1.95,False,NONE,431,2026-06-21 15:10:28
3985fb62-17dc-8eff-6872-13f98d605936,0.301912,0.02309,0.174093,0.060122,0.173611,17.36,True,DOMAIN_RULE,188,2026-06-21 15:10:28
39b02e2a-d96e-684f-3db0-174e7938878a,0.10476,0.147293,0.121968,0.040913,0.094112,9.41,False,NONE,308,2026-06-21 15:10:28
3b41c943-ebd8-a3b1-0b3d-0c3617d09810,0.114582,0.034149,0.121401,0.040704,0.076332,7.63,False,NONE,344,2026-06-21 15:10:28
3b964c74-ffe6-2994-9580-4c2ac44fc4b8,0.181833,0.029968,0.032607,0.007983,0.099305,9.93,False,NONE,299,2026-06-21 15:10:28
3b9b2d45-a350-55e4-39c5-9df987f255d6,0.35606,0.082804,0.22652,0.079442,0.218424,21.84,True,IF_PREDICT,125,2026-06-21 15:10:28
3c9ad14c-ee0c-aeb5-ecfe-db992790cebd,0.046811,0.022226,0.157883,0.054148,0.044095,4.41,False,NONE,395,2026-06-21 15:10:28
3d114802-2702-878b-9f0f-da8d05379ff6,0.371409,0.065351,0.37345,0.133588,0.238851,23.89,True,IF_PREDICT,101,2026-06-21 15:10:28
3d67cde9-2834-e4c0-14c8-b3b4a911d192,0.479453,0.211113,0.829943,0.301811,0.372493,37.25,True,ML_ENSEMBLE|IF_PREDICT,20,2026-06-21 15:10:28
3e19fc1d-9f6a-6a65-bd54-da044dcd0009,0.309816,0.102892,0.257606,0.090897,0.202756,20.28,False,NONE,141,2026-06-21 15:10:28
3e42df5b-90a3-fbbf-7580-e05067f1698c,0.37757,0.321793,0.164935,0.056747,0.270168,27.02,True,IF_PREDICT,75,2026-06-21 15:10:28
3ed8c56c-da09-dfa0-5282-8d8044b591f7,0.064851,0.033224,0.033331,0.008249,0.041545,4.15,False,NONE,403,2026-06-21 15:10:28
3f5e3b8c-c058-2da5-a757-075bd47f83b1,0.134945,0.332499,0.029499,0.006837,0.136023,13.6,False,NONE,237,2026-06-21 15:10:28
3f738f50-19a2-676f-28dd-2bfdf956be95,0.117588,0.029734,0.039807,0.010636,0.067931,6.79,False,NONE,357,2026-06-21 15:10:28
3f87dfc2-1591-52f2-a505-da9c46e75a2c,0.268602,0.032104,0.228788,0.080278,0.164805,16.48,True,DOMAIN_RULE,198,2026-06-21 15:10:28
409e7a80-86c5-d1d6-9ea9-f50831227592,0.383514,0.063928,0.226142,0.079303,0.228333,22.83,True,IF_PREDICT,111,2026-06-21 15:10:28
40a26c60-0d27-0659-f72a-da9b2f32751e,0.018956,0.008954,0.031341,0.007516,0.013523,1.35,False,NONE,445,2026-06-21 15:10:28
43b47ee5-e1e8-9e7e-2249-8f666e51484d,0.268017,0.026801,0.140112,0.047599,0.153648,15.36,True,DOMAIN_RULE,211,2026-06-21 15:10:28
43c07d43-93a7-4792-c561-b8dca4364fcd,0.094289,0.308386,0.018363,0.002733,0.109642,10.96,False,NONE,280,2026-06-21 15:10:28
43d88870-f81d-baa1-c812-0a8e78308930,0.369182,0.031101,0.106653,0.03527,0.201392,20.14,True,IF_PREDICT|DOMAIN_RULE,145,2026-06-21 15:10:28
44007d5a-e88d-a719-2624-2b40a5cb63a2,0.338668,0.058652,0.199168,0.069362,0.201873,20.19,True,IF_PREDICT|DOMAIN_RULE,143,2026-06-21 15:10:28
453b45fe-636c-f499-5254-aad3809cd839,0.206122,0.034976,0.032697,0.008016,0.112461,11.25,False,NONE,271,2026-06-21 15:10:28
45df16b6-382c-043f-7cfc-9b793875394c,0.132474,0.070491,0.098166,0.032142,0.089978,9.0,False,NONE,313,2026-06-21 15:10:28
46fde062-a33d-c7af-d701-410d3f4b1a70,0.213682,0.101279,0.047822,0.01359,0.131174,13.12,False,NONE,244,2026-06-21 15:10:28
473bd358-610e-6a64-e130-1617c2dff335,0.070905,0.024552,0.18606,0.064532,0.059722,5.97,False,NONE,372,2026-06-21 15:10:28
47419b48-34ae-4abd-36fc-e0acb4698db3,0.469008,0.115595,0.304808,0.108292,0.290111,29.01,True,IF_PREDICT,61,2026-06-21 15:10:28
49646b96-fa3c-1628-8926-21df465568b7,0.102015,0.231373,0.04072,0.010972,0.100574,10.06,False,NONE,295,2026-06-21 15:10:28
49a214ae-f7e8-f8e5-0d2b-91efb8976ec5,0.227796,0.023721,0.192731,0.06699,0.138739,13.87,True,DOMAIN_RULE,236,2026-06-21 15:10:28
4a90cd0c-24c1-73b9-b7f2-85723defa849,0.27709,0.077316,0.210925,0.073695,0.176117,17.61,False,NONE,181,2026-06-21 15:10:28
4b91b8cb-6ae6-6582-b852-b3cd9442b5e6,0.117529,0.026009,0.0432,0.011886,0.067532,6.75,False,NONE,364,2026-06-21 15:10:28
4d3485c5-c5c1-4eb4-b27b-3d901a16342c,0.057329,0.119669,0.035587,0.009081,0.055322,5.53,False,NONE,375,2026-06-21 15:10:28
4d57d880-d865-d69a-74f3-310340066ff2,0.400294,0.154511,0.249571,0.087937,0.25743,25.74,True,IF_PREDICT|DOMAIN_RULE,87,2026-06-21 15:10:28
4d71c366-b41b-3143-8b10-550cd5704f32,0.22022,0.022207,0.096002,0.031344,0.123955,12.4,True,DOMAIN_RULE,255,2026-06-21 15:10:28
4f11d8dc-5cd3-3369-04aa-c1b75ca0c428,0.236062,0.141323,0.421876,0.151433,0.191726,19.17,False,NONE,160,2026-06-21 15:10:28
4f612217-eef1-6694-50ca-e32d0aba590e,0.174333,0.101899,0.066558,0.020494,0.113694,11.37,False,NONE,269,2026-06-21 15:10:28
4fa03f26-f6f7-f0cc-29ec-8e49d1bdb8c0,0.241328,0.159356,0.017743,0.002505,0.153287,15.33,False,NONE,212,2026-06-21 15:10:28
501ba851-5ee6-8495-3400-29c3ea11905b,0.197849,0.026428,0.158531,0.054387,0.120526,12.05,True,DOMAIN_RULE,260,2026-06-21 15:10:28
502cf0ee-224a-66a6-ac0f-680115b24e1d,0.15126,0.288657,0.016704,0.002122,0.133998,13.4,False,NONE,240,2026-06-21 15:10:28
50647c59-774f-6354-7316-ce642a147a96,0.341339,0.10974,0.202857,0.070722,0.213834,21.38,True,IF_PREDICT|DOMAIN_RULE,132,2026-06-21 15:10:28
506e5a9a-b758-588d-ab73-295b344a54b8,0.051056,0.102898,0.026983,0.00591,0.047881,4.79,False,NONE,390,2026-06-21 15:10:28
5168bbf2-97af-5bde-3c8e-9d782d14e9f4,0.117588,0.029734,0.039807,0.010636,0.067931,6.79,False,NONE,358,2026-06-21 15:10:28
517400f8-0b2c-782a-6928-8e92c68a152f,0.007849,0.004948,0.036557,0.009438,0.007745,0.77,False,NONE,453,2026-06-21 15:10:28
51e744e4-b864-ca08-ea75-752d6a8fcacb,0.19587,0.052918,0.200534,0.069866,0.129479,12.95,False,NONE,248,2026-06-21 15:10:28
530ac1c7-b8ba-8368-4fc7-77685ebbcca5,0.19145,0.193702,0.151132,0.05166,0.149964,15.0,False,NONE,219,2026-06-21 15:10:28
5380b904-688c-7015-aab9-7e494f2d4796,0.185679,0.126641,0.630763,0.228411,0.186691,18.67,False,NONE,164,2026-06-21 15:10:28
53f30073-83e9-6ef4-6d7d-f5d0d3b59af7,0.280745,0.029588,0.084735,0.027192,0.154448,15.44,True,DOMAIN_RULE,209,2026-06-21 15:10:28
548c1d84-340d-e049-4147-65063e2bf9c9,0.298676,0.032356,0.223121,0.078189,0.179266,17.93,True,DOMAIN_RULE,176,2026-06-21 15:10:28
54e38579-c0af-d193-f780-ef2f664d5922,0.163328,0.157873,0.129172,0.043568,0.126309,12.63,False,NONE,252,2026-06-21 15:10:28
56cb1ab0-62fb-26d7-f4db-ca07e506f670,0.310626,0.033115,0.0771,0.024379,0.16925,16.93,True,DOMAIN_RULE,193,2026-06-21 15:10:28
586a346a-dc5b-e7d1-fcef-1972bbf483ce,0.054861,0.046283,0.078999,0.025079,0.04421,4.42,False,NONE,394,2026-06-21 15:10:28
59e4b671-4774-bc58-c5f8-bc16f7860b50,0.020824,0.021392,0.049023,0.014032,0.0189,1.89,False,NONE,434,2026-06-21 15:10:28
5a304528-0b59-9562-2227-219f551ff086,0.331339,0.024713,0.180833,0.062606,0.189394,18.94,True,DOMAIN_RULE,162,2026-06-21 15:10:28
5a8aaeca-1a50-aec3-aabc-25fa3fe12e47,0.10703,0.230869,0.016857,0.002178,0.100342,10.03,False,NONE,296,2026-06-21 15:10:28
5aaab32f-ce63-22b6-ab05-347fd556b37d,0.098181,0.013892,0.030266,0.00712,0.054005,5.4,False,NONE,379,2026-06-21 15:10:28
5b80b8d1-8788-dfed-78c0-4ed8fdd4ff21,0.204547,0.034965,0.033062,0.00815,0.111711,11.17,False,NONE,272,2026-06-21 15:10:28
5bd93609-b297-a782-bcf4-74aace63cb1a,0.181833,0.029968,0.032607,0.007983,0.099305,9.93,False,NONE,300,2026-06-21 15:10:28
5c0b9b10-a757-cb10-42f5-25b902ed73ce,0.253431,0.027597,0.362481,0.129545,0.171099,17.11,False,NONE,191,2026-06-21 15:10:28
5c11ab6d-42f5-b3f5-4ef4-c34d5bf86f3c,0.127924,0.02715,0.183166,0.063465,0.088432,8.84,False,NONE,316,2026-06-21 15:10:28
5cce5ba9-31d4-ee09-8fd3-3afc91fdfa4f,0.081357,0.225151,0.025722,0.005445,0.087342,8.73,False,NONE,318,2026-06-21 15:10:28
5d71a898-6497-6593-c92e-8c93d105c8d6,0.08175,0.033918,0.180422,0.062454,0.066395,6.64,False,NONE,365,2026-06-21 15:10:28
5e09a9ee-af88-bdec-fb1e-143b196f4dfa,0.262956,0.03375,0.235325,0.082687,0.163034,16.3,False,NONE,202,2026-06-21 15:10:28
5e175b66-4b87-959f-f0cd-7f05ea87855e,0.116951,0.024946,0.151453,0.051779,0.078998,7.9,False,NONE,333,2026-06-21 15:10:28
5e6fea07-c453-6f1d-4199-2fdfb31022f0,0.110493,0.270977,0.010945,0.0,0.109442,10.94,False,NONE,282,2026-06-21 15:10:28
5f90bed6-fb25-664d-630a-a767a2bb522b,0.990501,0.230912,0.606974,0.219644,0.607326,60.73,True,ML_ENSEMBLE|IF_PREDICT,2,2026-06-21 15:10:28
5fbbf0b1-8083-89c8-657e-01c90da23e5c,0.00869,0.014942,0.040703,0.010966,0.010623,1.06,False,NONE,448,2026-06-21 15:10:28
614c721d-a921-cb4c-95fb-e976ae007b7e,0.19313,0.039303,0.251129,0.088511,0.130979,13.1,False,NONE,245,2026-06-21 15:10:28
61935990-abdd-1a8f-a4b0-5c89f10bce9c,0.217277,0.153986,0.087462,0.028197,0.147895,14.79,False,NONE,223,2026-06-21 15:10:28
624c69b6-b244-45a7-b7e5-848131c681ec,0.087074,0.029302,0.058277,0.017442,0.05463,5.46,False,NONE,377,2026-06-21 15:10:28
6307d4d1-21c9-a15d-5104-5a16ef15ab72,0.207163,0.388161,0.257217,0.090754,0.20844,20.84,True,DOMAIN_RULE,137,2026-06-21 15:10:28
64880945-ad1d-b537-d7f3-4368c2efeecb,0.290169,0.034642,0.174725,0.060355,0.170119,17.01,False,NONE,192,2026-06-21 15:10:28
6502d6a2-ca6a-2224-171e-16cc5da36f1b,0.063118,0.228788,0.026009,0.005551,0.078982,7.9,False,NONE,334,2026-06-21 15:10:28
66132e69-7418-8109-d3d1-bf0f56c438e4,0.152146,0.074387,0.029227,0.006737,0.092972,9.3,False,NONE,310,2026-06-21 15:10:28
668c879b-d2dc-42c8-32b8-d8aa21768dd7,0.196252,0.030169,0.032883,0.008084,0.106585,10.66,False,NONE,288,2026-06-21 15:10:28
67884209-92ca-525a-6de5-93329364f3d0,0.371472,0.062351,0.200492,0.06985,0.219162,21.92,True,IF_PREDICT,124,2026-06-21 15:10:28
680ac07a-2a93-5d62-3c83-5dc0d9441fa5,0.283934,0.084971,0.203742,0.071048,0.180276,18.03,False,NONE,172,2026-06-21 15:10:28
692ac139-1f4a-8ca1-ab85-fd595463adc7,0.044139,0.043434,0.031001,0.007391,0.032974,3.3,False,NONE,421,2026-06-21 15:10:28
696608aa-ee49-f329-c84a-7b28550a1b46,0.303832,0.141874,0.230483,0.080903,0.204562,20.46,False,NONE,140,2026-06-21 15:10:28
6a34c854-1071-4d51-36c5-9dacb4d7e28e,0.289328,0.059502,0.060442,0.01824,0.162036,16.2,True,DOMAIN_RULE,203,2026-06-21 15:10:28
6aa0426d-f7c0-d5f7-69a5-3b4f8ff8869d,0.095656,0.176642,0.036448,0.009398,0.085976,8.6,False,NONE,322,2026-06-21 15:10:28
6b15c11b-b113-d50b-dea0-50c6eb9ed274,0.049577,0.052018,0.064673,0.019799,0.041132,4.11,False,NONE,404,2026-06-21 15:10:28
6b52f93c-2321-e64e-620d-4a1f479f6628,0.151572,0.029337,0.038134,0.010019,0.084659,8.47,False,NONE,323,2026-06-21 15:10:28
6c521d13-b719-bb68-2775-ee42a89e22f2,0.029685,0.023264,0.039234,0.010425,0.022623,2.26,False,NONE,429,2026-06-21 15:10:28
6d39da75-aee7-0ab2-61fa-8e7a078c26ce,0.130999,0.029215,0.038394,0.010115,0.074377,7.44,False,NONE,346,2026-06-21 15:10:28
6d3ee1dc-8139-2443-e45b-712eb8225688,0.622246,0.053383,0.112317,0.037357,0.333006,33.3,True,ML_ENSEMBLE|IF_PREDICT,42,2026-06-21 15:10:28
6d9c5b50-a1fd-4187-9c3a-1e0bb5f3f8aa,0.465818,0.067804,0.297015,0.10542,0.278096,27.81,True,IF_PREDICT|DOMAIN_RULE,69,2026-06-21 15:10:28
6e3c4532-1434-8f62-6cac-028cba220065,0.481413,0.052947,0.074104,0.023275,0.258279,25.83,True,IF_PREDICT|DOMAIN_RULE,86,2026-06-21 15:10:28
6e3cdd4f-55b1-45e4-70b2-7304545cd88d,0.130137,0.023143,0.019578,0.003181,0.070652,7.07,False,NONE,351,2026-06-21 15:10:28
6e8f75a1-17dd-ed81-15da-705cd4ef00aa,0.406973,0.124135,0.450616,0.162024,0.276921,27.69,True,IF_PREDICT,70,2026-06-21 15:10:28
6ee35607-92ea-1324-ec93-e5962b015723,0.196252,0.030169,0.032883,0.008084,0.106585,10.66,False,NONE,289,2026-06-21 15:10:28
6fb78271-504d-281f-c953-5b63ba81edd9,0.026092,0.033081,0.054288,0.015972,0.024454,2.45,False,NONE,425,2026-06-21 15:10:28
71a3fad2-b094-6d2a-2aa9-3b436d15f16f,0.323675,0.192891,0.403631,0.14471,0.243829,24.38,True,DOMAIN_RULE,96,2026-06-21 15:10:28
722dce13-47a4-8c42-4665-34972fe922aa,0.117588,0.029734,0.039807,0.010636,0.067931,6.79,False,NONE,359,2026-06-21 15:10:28
7249f62c-0898-7462-980c-b95c19d45deb,0.006132,0.061064,0.069419,0.021548,0.021744,2.17,False,NONE,430,2026-06-21 15:10:28
725d4259-3c4b-1eec-6231-ee7342c2d2eb,0.100265,0.24288,0.016872,0.002184,0.099364,9.94,False,NONE,297,2026-06-21 15:10:28
72c22a16-79eb-4168-1045-56e5bee3eb79,0.005978,0.019747,0.042643,0.011681,0.010443,1.04,False,NONE,450,2026-06-21 15:10:28
72d35458-61ea-2f30-e42e-707afe2bd987,0.191404,0.023285,0.09967,0.032696,0.110168,11.02,True,DOMAIN_RULE,278,2026-06-21 15:10:28
735741e5-fe1a-1ba9-c896-9c5b45f8c28d,0.013898,0.084401,0.035717,0.009129,0.026568,2.66,False,NONE,423,2026-06-21 15:10:28
73e7f042-516c-3b0a-5385-3918bc4015fa,0.111453,0.104374,0.102146,0.033608,0.086684,8.67,False,NONE,320,2026-06-21 15:10:28
75366b9f-320f-72c0-9dde-01889803b22e,0.103312,0.02419,0.199339,0.069425,0.077322,7.73,False,NONE,338,2026-06-21 15:10:28
755d814b-5f5b-a255-e544-9887b36ab3ed,0.223574,0.041679,0.0345,0.00868,0.122727,12.27,False,NONE,256,2026-06-21 15:10:28
75b17a55-d426-2982-e43e-4288a2b5b498,0.605042,0.028151,0.278793,0.098705,0.337763,33.78,True,ML_ENSEMBLE|IF_PREDICT,37,2026-06-21 15:10:28
75f8e3a8-7d97-ac0f-bd56-09c4a4461663,0.279836,0.322211,0.248461,0.087528,0.230618,23.06,True,DOMAIN_RULE,109,2026-06-21 15:10:28
768b4f7e-6421-5e66-5fc6-4cd0721e8b1f,0.28002,0.079198,0.174432,0.060247,0.173924,17.39,False,NONE,186,2026-06-21 15:10:28
76c5a0dc-7e7e-7419-a0c1-4035c5d95f51,0.462544,0.026277,0.208398,0.072764,0.258356,25.84,True,IF_PREDICT,85,2026-06-21 15:10:28
76e5ae78-7bf7-e1d3-6a66-2fce7089fc6d,0.772446,0.074093,0.19999,0.069665,0.421941,42.19,True,ML_ENSEMBLE|IF_PREDICT,10,2026-06-21 15:10:28
76f2dbfe-cd29-a36f-2222-82e174daaebf,0.244773,0.584057,0.026913,0.005884,0.240963,24.1,False,NONE,98,2026-06-21 15:10:28
781799ff-b49e-04cc-c243-69e72387eaf6,0.089518,0.29502,0.038431,0.010129,0.106802,10.68,False,NONE,286,2026-06-21 15:10:28
787f2425-dbcc-c477-09e9-db0adf465290,0.480498,0.030794,0.096944,0.031691,0.255915,25.59,True,IF_PREDICT,89,2026-06-21 15:10:28
7914c120-c8dc-d19f-3e35-11287900f7f9,0.071537,0.02354,0.043247,0.011904,0.044048,4.4,False,NONE,396,2026-06-21 15:10:28
7a0ecfea-958c-a9ba-0cd6-20c20ea2622b,0.016902,0.015634,0.040279,0.01081,0.014821,1.48,False,NONE,441,2026-06-21 15:10:28
7a4a902f-21d6-3b0f-b1ac-040d6c1cc405,0.206374,0.02472,0.097673,0.03196,0.117719,11.77,True,DOMAIN_RULE,265,2026-06-21 15:10:28
7a5d7c82-86c5-547c-051a-00393803dcee,0.42729,0.286205,0.121609,0.040781,0.283121,28.31,True,IF_PREDICT,65,2026-06-21 15:10:28
7a8104de-b205-07bb-fb16-f75776f186ab,0.326591,0.102033,0.317833,0.113092,0.21763,21.76,False,NONE,126,2026-06-21 15:10:28
7a89cbeb-b807-d78a-b788-f5d1ffe575f6,0.276547,0.253337,0.332542,0.118512,0.224495,22.45,False,NONE,117,2026-06-21 15:10:28
7c16128d-b2c0-8394-e17f-29e170286046,0.53688,0.031555,0.086566,0.027867,0.283111,28.31,True,IF_PREDICT,66,2026-06-21 15:10:28
7d23d479-9549-2a82-b787-ef8d3495311e,0.339626,0.031505,0.214667,0.075074,0.198636,19.86,True,IF_PREDICT,151,2026-06-21 15:10:28
7d2f4e58-b47a-1c5b-b0b3-901535102852,0.129404,0.025043,0.137248,0.046544,0.083674,8.37,False,NONE,327,2026-06-21 15:10:28
7d4ed26e-dcd5-bfae-abb3-16a743299780,0.113351,0.036635,0.043535,0.01201,0.067605,6.76,False,NONE,363,2026-06-21 15:10:28
7e8adee7-0758-e201-561e-16d16105716b,0.256543,0.032551,0.055304,0.016347,0.139686,13.97,True,DOMAIN_RULE,235,2026-06-21 15:10:28
7ed70ed7-b194-990b-6961-929e546e035a,0.123341,0.041686,0.050886,0.014719,0.074423,7.44,False,NONE,345,2026-06-21 15:10:28
7f0223bc-651e-a252-b974-4cded259f960,0.230595,0.510878,0.09888,0.032405,0.227195,22.72,False,NONE,112,2026-06-21 15:10:28
80599b93-79c2-d2e4-9ae1-a991524f93ff,0.27348,0.08604,0.199868,0.06962,0.174834,17.48,False,NONE,183,2026-06-21 15:10:28
816bcb9f-7426-b193-4b7e-6b3c87d292a6,0.111999,0.027833,0.039603,0.010561,0.064734,6.47,False,NONE,368,2026-06-21 15:10:28
8181a8cc-3691-47eb-89a2-688b12c136e0,0.19717,0.035146,0.024852,0.005125,0.107152,10.72,False,NONE,285,2026-06-21 15:10:28
84182d35-3e71-1433-bd90-b81afbe0e6b8,0.289362,0.07826,0.197546,0.068765,0.180962,18.1,False,NONE,171,2026-06-21 15:10:28
8471b4b0-ae1b-9f69-7740-d83173318749,0.045968,0.044918,0.027732,0.006186,0.033823,3.38,False,NONE,419,2026-06-21 15:10:28
8570b59f-a903-ae67-fc56-8b5324acb722,0.099251,0.15542,0.0413,0.011186,0.084065,8.41,False,NONE,324,2026-06-21 15:10:28
861b4f5b-45a0-8539-6de8-370ace9e9ebd,0.362853,0.794521,0.173847,0.060031,0.35834,35.83,True,ML_ENSEMBLE|IF_PREDICT,23,2026-06-21 15:10:28
86879aa9-14f5-73d0-c991-2032df85c777,0.217792,0.032537,0.250009,0.088098,0.141833,14.18,False,NONE,232,2026-06-21 15:10:28
86e52753-7c93-f6cc-97d7-a560adb14670,0.0666,0.012044,0.038602,0.010192,0.038766,3.88,False,NONE,410,2026-06-21 15:10:28
8861fe18-58e2-5888-0a83-81bec85aca46,0.402966,0.040828,0.192946,0.067069,0.229769,22.98,True,IF_PREDICT,110,2026-06-21 15:10:28
889fe107-443b-1d0f-3dbc-3093a8284442,0.462607,0.27399,0.481009,0.173224,0.338069,33.81,True,ML_ENSEMBLE|IF_PREDICT,36,2026-06-21 15:10:28
8991b01a-a2b0-3c4b-7c96-6b552f8d8ded,0.091872,0.341302,0.043677,0.012062,0.117815,11.78,False,NONE,264,2026-06-21 15:10:28
899ca782-e323-6d1a-3c1b-dacc18e19331,0.030453,0.026172,0.036074,0.00926,0.023239,2.32,False,NONE,427,2026-06-21 15:10:28
89a3c811-895c-4fde-a3fa-40691519fd38,0.356313,0.121205,0.285835,0.1013,0.232788,23.28,True,IF_PREDICT,108,2026-06-21 15:10:28
8a2db2e6-3bfd-a8a6-705f-ddf566fadca0,0.113473,0.030286,0.032753,0.008036,0.065204,6.52,False,NONE,366,2026-06-21 15:10:28
8a4b8f7c-2147-2a15-fcce-96f6250a4578,0.195123,0.061343,0.288269,0.102197,0.140489,14.05,False,NONE,233,2026-06-21 15:10:28
8ac8ad93-7e02-921d-f86b-543ae1b243cc,0.2881,0.037838,0.045976,0.012909,0.155491,15.55,False,NONE,208,2026-06-21 15:10:28
8b0901ab-c66d-ceb3-4494-5e091d3ca5a4,0.116156,0.234058,0.052398,0.015276,0.109472,10.95,False,NONE,281,2026-06-21 15:10:28
8baaf744-a08d-d21b-e395-4cb17f7f6c0a,0.259143,0.064791,0.198694,0.069188,0.163286,16.33,False,NONE,200,2026-06-21 15:10:28
8beddb12-ad77-e82f-49a2-3a89e6b5a92c,0.078274,0.02812,0.184631,0.064005,0.063963,6.4,False,NONE,369,2026-06-21 15:10:28
8cc36f3b-c3af-fcfe-734a-6ca38116e3fc,0.300908,0.064379,0.082833,0.026492,0.171277,17.13,True,DOMAIN_RULE,190,2026-06-21 15:10:28
8ccc9cea-109f-d8ee-b5a4-720058f0dd23,0.106395,0.02615,0.04204,0.011459,0.061865,6.19,False,NONE,370,2026-06-21 15:10:28
8d244e3e-c4da-bddb-e0b1-5abaa6a27967,0.051876,0.028417,0.036962,0.009587,0.034498,3.45,False,NONE,418,2026-06-21 15:10:28
8de08fc2-c3e1-5a85-d46e-f10411906f50,0.617132,0.048992,0.302971,0.107615,0.350649,35.06,True,ML_ENSEMBLE|IF_PREDICT,27,2026-06-21 15:10:28
8e485223-46b9-8991-e14e-b70db380c73a,0.125126,0.06793,0.061481,0.018623,0.081736,8.17,False,NONE,331,2026-06-21 15:10:28
8e52fc42-73c3-74a6-dac7-26b667863fb3,0.224608,0.034872,0.034435,0.008656,0.121875,12.19,False,NONE,258,2026-06-21 15:10:28
8ece1128-56ce-4b42-fc9e-1dcbcb7e6268,0.552732,0.190069,0.580363,0.209838,0.377331,37.73,True,ML_ENSEMBLE|IF_PREDICT,17,2026-06-21 15:10:28
8ed6ad5e-1831-8aa3-5466-9d1910df9974,0.20603,0.373981,0.292892,0.103901,0.208982,20.9,True,DOMAIN_RULE,136,2026-06-21 15:10:28
8ed8a80d-84cf-ee39-bf31-c29f82bbad84,0.209397,0.03632,0.135591,0.045934,0.125743,12.57,False,NONE,254,2026-06-21 15:10:28
8edddfcd-1e52-d770-3f89-7142fe716b14,0.111199,0.148019,0.120438,0.040349,0.097308,9.73,False,NONE,303,2026-06-21 15:10:28
8f158449-4f40-c22f-15b0-2530f020e992,0.337304,0.05968,0.192576,0.066933,0.200668,20.07,False,NONE,146,2026-06-21 15:10:28
8f15ba58-fce6-8504-87f8-424daae65fc1,0.01942,0.019537,0.042958,0.011797,0.017157,1.72,False,NONE,438,2026-06-21 15:10:28
8f3dc97f-e6b0-da0a-b98f-5dbe15aede0f,0.164554,0.172794,0.051564,0.014969,0.121326,12.13,False,NONE,259,2026-06-21 15:10:28
8fe069b6-eeda-a802-4568-f42689e03e22,0.555007,0.074195,0.113996,0.037975,0.303735,30.37,True,ML_ENSEMBLE|IF_PREDICT,51,2026-06-21 15:10:28
905c7bdd-74f0-beae-6a59-43ce836435e3,0.261512,0.026511,0.143437,0.048825,0.150705,15.07,True,DOMAIN_RULE,217,2026-06-21 15:10:28
90ce82e8-e9a5-3368-5812-9eb27c13f47a,0.235582,0.035115,0.035442,0.009027,0.127522,12.75,False,NONE,251,2026-06-21 15:10:28
91519998-f293-3585-5a07-d758b357f3f9,0.162145,0.031342,0.039287,0.010444,0.090474,9.05,False,NONE,312,2026-06-21 15:10:28
91b0e1d9-9d92-62af-2c8d-0e44e71e43a6,0.254599,0.118573,0.0612,0.018519,0.15657,15.66,False,NONE,207,2026-06-21 15:10:28
9280c5aa-8dd4-595b-5c63-b6f306ba8cd3,0.616217,0.065134,0.299449,0.106317,0.353031,35.3,True,ML_ENSEMBLE|IF_PREDICT,26,2026-06-21 15:10:28
9384ec2b-44fe-acae-d248-a9a7ac1aa554,0.154808,0.029139,0.239994,0.084407,0.108554,10.86,False,NONE,284,2026-06-21 15:10:28
94340a03-3f07-f814-91d6-3f78e3e9de99,0.290478,0.0983,0.276704,0.097936,0.194279,19.43,False,NONE,157,2026-06-21 15:10:28
94a1875d-2db6-9edb-42de-ffccf86c2ca2,0.00977,0.030455,0.04786,0.013603,0.015057,1.51,False,NONE,440,2026-06-21 15:10:28
95831d58-ef4c-5119-8da5-d39b42c21797,0.611073,0.087928,0.303678,0.107876,0.355485,35.55,True,ML_ENSEMBLE|IF_PREDICT,25,2026-06-21 15:10:28
960be0f4-9513-2c22-1583-9b99a50a13dc,0.40576,0.286468,0.124257,0.041757,0.272701,27.27,True,IF_PREDICT,72,2026-06-21 15:10:28
964db03f-9340-3fad-dc4a-d56bd6016237,0.230641,0.141182,0.012614,0.000615,0.143742,14.37,False,NONE,231,2026-06-21 15:10:28
965befdf-6b4b-e411-8a4a-0e2df22b5b98,0.030325,0.156808,0.035362,0.008998,0.049224,4.92,False,NONE,389,2026-06-21 15:10:28
965d744f-0445-c1a8-12af-97e4c536c66e,0.190549,0.114183,0.315333,0.112171,0.151762,15.18,False,NONE,214,2026-06-21 15:10:28
96fc734d-a003-cd28-ca8f-3653c9af18f8,0.017643,0.030621,0.047745,0.013561,0.019014,1.9,False,NONE,433,2026-06-21 15:10:28
97777f10-f2d2-393f-8e85-140d0f9aeb70,0.056493,0.024696,0.040813,0.011007,0.036488,3.65,False,NONE,415,2026-06-21 15:10:28
97fb613a-21f8-9d06-13f3-cade7a10013f,0.017438,0.032838,0.049114,0.014066,0.019506,1.95,False,NONE,432,2026-06-21 15:10:28
97fe56c5-4c9a-9f24-d7b4-c294bd44089d,0.04718,0.05019,0.071824,0.022434,0.040358,4.04,False,NONE,405,2026-06-21 15:10:28
98af5cca-6b11-b7cb-6372-542482c56b21,0.127885,0.242862,0.079651,0.025319,0.12011,12.01,False,NONE,261,2026-06-21 15:10:28
98cf1188-06d2-5913-a117-3719b023a0ea,0.087931,0.024895,0.062089,0.018847,0.054599,5.46,False,NONE,378,2026-06-21 15:10:28
98dc9e0b-51a1-f5df-06ac-10102e0869c1,0.137972,0.028861,0.038008,0.009973,0.07775,7.77,False,NONE,335,2026-06-21 15:10:28
98e52499-218c-6e1c-9e37-4f7ac42cbc39,0.22608,0.040818,0.25194,0.08881,0.147846,14.78,False,NONE,224,2026-06-21 15:10:28
9918ee46-1497-d658-7010-f7197e695d0d,0.474627,0.025805,0.137751,0.04673,0.256493,25.65,True,IF_PREDICT,88,2026-06-21 15:10:28
9a069295-3b8d-3447-0e61-065f171b1b80,0.117588,0.029734,0.039807,0.010636,0.067931,6.79,False,NONE,360,2026-06-21 15:10:28
9a4ffc0c-9165-f2ed-4c63-6e95025f5543,0.411078,0.042784,0.191924,0.066693,0.234104,23.41,True,IF_PREDICT,107,2026-06-21 15:10:28
9b4e2c24-9479-e1e6-c927-7d9b6e0d2648,0.298781,0.195076,0.230858,0.081041,0.212718,21.27,False,NONE,133,2026-06-21 15:10:28
9b69554d-7c54-535f-6c8c-3b6aa974d079,0.270272,0.105061,0.196172,0.068258,0.176626,17.66,False,NONE,180,2026-06-21 15:10:28
9c3de1b0-022b-6683-9033-da6587cf63fd,0.916664,0.215517,0.458914,0.165082,0.55096,55.1,True,ML_ENSEMBLE|IF_PREDICT,4,2026-06-21 15:10:28
9c7c7377-79a2-8903-fbe3-3b243eae0032,0.125919,0.042124,0.05783,0.017278,0.076568,7.66,False,NONE,340,2026-06-21 15:10:28
9c89d374-c664-95a7-8077-3e33690e7e62,0.094767,0.22198,0.053309,0.015612,0.096463,9.65,False,NONE,305,2026-06-21 15:10:28
9d264599-c4dd-8df5-9aec-56a857311609,0.329481,0.038298,0.128821,0.043439,0.185431,18.54,True,DOMAIN_RULE,166,2026-06-21 15:10:28
9d3616a1-08de-c921-260c-b547e2280fe3,0.254661,0.508387,0.098313,0.032196,0.238667,23.87,False,NONE,102,2026-06-21 15:10:28
9d37efb6-eafb-3e90-54ec-84ce002ccb25,0.167222,0.520092,0.11235,0.037369,0.19884,19.88,False,NONE,150,2026-06-21 15:10:28
9d6b9b62-6b53-5a19-a902-b73fcf39f648,0.006429,0.026801,0.042965,0.0118,0.012115,1.21,False,NONE,447,2026-06-21 15:10:28
9f64eeed-5c9d-927d-84b8-71bb300568d2,0.172186,0.119855,0.079362,0.025212,0.117628,11.76,False,NONE,266,2026-06-21 15:10:28
9f708368-cb3c-f8ca-a392-57316b79afcc,0.275551,0.135264,0.200803,0.069965,0.185818,18.58,False,NONE,165,2026-06-21 15:10:28
9f871ce7-5487-fd4f-ebb7-a385aa0b7b14,0.439312,0.315357,0.909217,0.331025,0.382035,38.2,True,ML_ENSEMBLE|IF_PREDICT,15,2026-06-21 15:10:28
9fd34579-4667-72ce-204e-178c10d08d11,0.066585,0.029371,0.049154,0.01408,0.043391,4.34,False,NONE,398,2026-06-21 15:10:28
a0279a18-6576-a410-0d41-ee472a5fda18,0.062174,0.022992,0.034254,0.00859,0.038262,3.83,False,NONE,411,2026-06-21 15:10:28
a075e927-5110-b492-f442-7e0b61484bb3,0.331404,0.167935,0.240804,0.084706,0.224701,22.47,True,DOMAIN_RULE,116,2026-06-21 15:10:28
a1a27485-7134-8c2a-780b-3657117b355b,0.586939,0.050448,0.397516,0.142456,0.346296,34.63,True,ML_ENSEMBLE|IF_PREDICT,30,2026-06-21 15:10:28
a21b0307-82af-085c-138d-994c2b0abedd,0.115777,0.147567,0.116466,0.038886,0.099068,9.91,False,NONE,302,2026-06-21 15:10:28
a3209116-222d-f6a4-8163-b6ce1877bc06,0.065576,0.059223,0.024007,0.004813,0.046077,4.61,False,NONE,391,2026-06-21 15:10:28
a34db7c5-760d-ebbb-3b70-b3a124a35cf2,0.087126,0.104796,0.095973,0.031334,0.073922,7.39,False,NONE,348,2026-06-21 15:10:28
a3595d1f-7fe4-a42e-3db7-88a61cdcc4c2,0.304521,0.026181,0.156834,0.053762,0.173625,17.36,True,DOMAIN_RULE,187,2026-06-21 15:10:28
a42d0cd7-fd35-9f6a-7450-388748d90846,0.233664,0.103704,0.075243,0.023694,0.144681,14.47,False,NONE,227,2026-06-21 15:10:28
a53bc024-d1a6-9d87-f54e-2019ba35844e,0.715099,0.073433,0.536111,0.19353,0.430295,43.03,True,ML_ENSEMBLE|IF_PREDICT,9,2026-06-21 15:10:28
a56b61e0-4ba8-a4ca-6449-cb6fbf72ae52,0.07316,0.247657,0.090737,0.029404,0.094933,9.49,False,NONE,306,2026-06-21 15:10:28
a5b40983-3eeb-c04a-9df2-372e9e825aae,0.258805,0.507211,0.09835,0.03221,0.240508,24.05,False,NONE,100,2026-06-21 15:10:28
a65be22b-d5a3-86d9-c362-a810a2611b8d,0.205931,0.15059,0.112155,0.037297,0.144273,14.43,False,NONE,228,2026-06-21 15:10:28
a6eab79e-d21c-82f8-cada-4f80a9e782d4,0.245323,0.03456,0.223487,0.078324,0.153071,15.31,False,NONE,213,2026-06-21 15:10:28
a6fd0cb1-16e6-e5c0-c4cb-294fe86e8e63,0.461282,0.02657,0.705492,0.255949,0.31274,31.27,True,ML_ENSEMBLE|IF_PREDICT,48,2026-06-21 15:10:28
a748dbcf-ac61-9e63-0dde-29a6baa4b71a,0.00981,0.034938,0.030805,0.007318,0.014088,1.41,False,NONE,444,2026-06-21 15:10:28
a847bce7-90fa-6b57-24ac-2130deaf528d,0.403361,0.115466,0.362013,0.129373,0.263586,26.36,True,IF_PREDICT,81,2026-06-21 15:10:28
a8f1e091-ffb8-102d-9475-dbc996418ced,0.65351,0.05066,0.086681,0.02791,0.34526,34.53,True,ML_ENSEMBLE|IF_PREDICT,31,2026-06-21 15:10:28
a995ecc3-6f5b-09a6-0ff1-c51f915cb31b,0.182957,0.254636,0.185118,0.064185,0.161661,16.17,False,NONE,204,2026-06-21 15:10:28
a9f948b2-4e63-84bb-3e49-3f43b118f68d,0.342562,0.115726,0.293354,0.104071,0.225648,22.56,True,IF_PREDICT,114,2026-06-21 15:10:28
aca58d95-915a-1c30-4b86-b5a1ca6fbff8,0.092392,0.271202,0.135136,0.045766,0.114166,11.42,False,NONE,268,2026-06-21 15:10:28
af34cf65-a193-c4b2-3c19-e71d118405ad,0.681364,0.05127,0.227442,0.079782,0.374871,37.49,True,ML_ENSEMBLE|IF_PREDICT,18,2026-06-21 15:10:28
af70de70-2b69-c95e-8567-1b58926bffa5,0.313233,0.329159,0.40622,0.145664,0.266147,26.61,True,DOMAIN_RULE,79,2026-06-21 15:10:28
afbb411a-a123-5a8c-93b7-a88612f70c97,0.051912,0.026878,0.136892,0.046413,0.045255,4.53,False,NONE,392,2026-06-21 15:10:28
afd380c4-2713-582c-f41e-a3ac5fd23109,0.192394,0.213457,0.108838,0.036075,0.149711,14.97,False,NONE,220,2026-06-21 15:10:28
b08a4895-d4ff-a666-75c8-e90d9e3d750d,0.288616,0.059172,0.191149,0.066407,0.176065,17.61,False,NONE,182,2026-06-21 15:10:28
b18753e6-d457-8ad9-a867-a096edd877c8,0.286698,0.035652,0.174089,0.060121,0.168516,16.85,False,NONE,194,2026-06-21 15:10:28
b253d218-6c4a-37ea-4906-17f2747b6dba,0.06655,0.029304,0.131047,0.044259,0.052413,5.24,False,NONE,381,2026-06-21 15:10:28
b390b059-207b-be21-a7e8-d18eddf6d4ac,0.317867,0.160525,0.560959,0.202687,0.251845,25.18,False,NONE,90,2026-06-21 15:10:28
b3eda8f1-026b-5383-a301-ec030e5d8c6a,0.128885,0.045486,0.037733,0.009872,0.076501,7.65,False,NONE,341,2026-06-21 15:10:28
b4157cea-0738-8ba4-9770-a3dbe9fa97e2,0.181833,0.029968,0.032607,0.007983,0.099305,9.93,False,NONE,301,2026-06-21 15:10:28
b42a2d93-9aba-0f15-b214-90623e1a963e,0.237182,0.080148,0.113671,0.037856,0.145977,14.6,False,NONE,225,2026-06-21 15:10:28
b4a69f3c-8d3a-ed99-711c-21c9bdc14f1f,0.462024,0.283871,0.100284,0.032923,0.297663,29.77,True,IF_PREDICT,56,2026-06-21 15:10:28
b4adaf89-0ff1-aa9f-ba37-0623bc5fd4dd,0.324113,0.027841,0.151885,0.051938,0.183206,18.32,True,DOMAIN_RULE,169,2026-06-21 15:10:28
b5b453ca-3d42-993c-cc9f-d3349bdf0377,0.363398,0.092836,0.232662,0.081705,0.224778,22.48,True,IF_PREDICT,115,2026-06-21 15:10:28
b63b4dc3-a559-e463-79e1-3ceab0cbc61f,0.189699,0.045994,0.226491,0.079431,0.127878,12.79,False,NONE,250,2026-06-21 15:10:28
b65feea9-7d82-4264-1ba3-62e7afa415e5,0.139363,0.034372,0.065362,0.020053,0.082572,8.26,False,NONE,330,2026-06-21 15:10:28
b69f75c5-c82b-a1be-61eb-64e6fd498e20,0.40576,0.286468,0.124257,0.041757,0.272701,27.27,True,IF_PREDICT,73,2026-06-21 15:10:28
b6f6dbf1-d6d4-41cc-195d-82f8ee4a9b5d,0.615734,0.055813,0.107155,0.035454,0.329666,32.97,True,ML_ENSEMBLE|IF_PREDICT,43,2026-06-21 15:10:28
b89f72f3-2a60-c652-e714-7668cf1d7d3a,0.330578,0.037991,0.223437,0.078306,0.196379,19.64,False,NONE,154,2026-06-21 15:10:28
b8a6171f-1ee3-4dc4-3b04-8a8b405bfdc9,0.047683,0.028205,0.152987,0.052344,0.045186,4.52,False,NONE,393,2026-06-21 15:10:28
ba2c98ce-0b19-f88e-9d77-a45ef206c269,1.0,0.221771,0.573526,0.207318,0.60655,60.65,True,ML_ENSEMBLE|IF_PREDICT,3,2026-06-21 15:10:28
bcaff931-ead1-8464-ca8e-858cd0f81063,0.16922,0.520045,0.113492,0.03779,0.199956,20.0,False,NONE,147,2026-06-21 15:10:28
bcc57be0-0779-250a-6544-e3136ea05d13,0.514869,0.034733,0.159754,0.054838,0.280833,28.08,True,IF_PREDICT,68,2026-06-21 15:10:28
bd1531c8-3764-fbda-3108-d4482f65fafa,0.580398,0.079348,0.329833,0.117514,0.341323,34.13,True,ML_ENSEMBLE|IF_PREDICT,34,2026-06-21 15:10:28
bd29ede9-cab4-923b-f448-83858de7ad6c,0.582524,0.054185,0.291837,0.103512,0.333153,33.32,True,ML_ENSEMBLE|IF_PREDICT,41,2026-06-21 15:10:28
bed63da0-8033-f5c2-1413-d64db962c8a7,0.110874,0.076683,0.041284,0.01118,0.074128,7.41,False,NONE,347,2026-06-21 15:10:28
beed10b6-4f6e-274b-deda-b0276550f74a,0.416517,0.426123,0.266659,0.094234,0.321753,32.18,True,ML_ENSEMBLE|IF_PREDICT|DOMAIN_RULE,44,2026-06-21 15:10:28
bfbf397b-ac3e-7b0d-5e5b-a13d746cdb77,0.121308,0.024214,0.112752,0.037517,0.076752,7.68,False,NONE,339,2026-06-21 15:10:28
c09cb506-48f1-096d-9c4f-fb4671b701aa,0.163456,0.043478,0.043209,0.011889,0.09399,9.4,False,NONE,309,2026-06-21 15:10:28
c1101266-2408-a6dc-1346-d1a9f6802cdb,0.797488,0.136406,0.122344,0.041052,0.438341,43.83,True,ML_ENSEMBLE|IF_PREDICT,7,2026-06-21 15:10:28
c194f97f-00e3-a026-d5b6-de85390239d9,0.081102,0.026209,0.051869,0.015081,0.050317,5.03,False,NONE,384,2026-06-21 15:10:28
c28fa16b-0aa6-fcb9-c1bc-be59d296a12d,0.163219,0.075204,0.20669,0.072134,0.118291,11.83,False,NONE,262,2026-06-21 15:10:28
c36b9a0a-41e0-2a89-566a-9ce7af521b94,0.221037,0.218484,0.222603,0.077999,0.177615,17.76,False,NONE,177,2026-06-21 15:10:28
c4615234-8044-beb2-b66e-dbf4a0ea0251,0.41717,0.256533,0.226578,0.079463,0.283731,28.37,True,IF_PREDICT,64,2026-06-21 15:10:28
c4767556-f97b-e2dd-8f9b-72aed85c16bd,0.214412,0.122382,0.120975,0.040547,0.143846,14.38,False,NONE,230,2026-06-21 15:10:28
c5c5b37a-f85e-06a1-1dad-09b252c21221,0.426915,0.08104,0.148073,0.050533,0.244826,24.48,True,IF_PREDICT|DOMAIN_RULE,95,2026-06-21 15:10:28
c605e58a-4845-4343-ddb4-49dc77106966,0.242511,0.343817,0.302806,0.107555,0.222285,22.23,True,DOMAIN_RULE,122,2026-06-21 15:10:28
c6435300-68a5-1c68-632d-bb5e486bb6bf,0.281441,0.182202,0.037395,0.009747,0.180085,18.01,True,DOMAIN_RULE,173,2026-06-21 15:10:28
c64c9647-9ea7-017c-b89f-7039a107cc46,0.100832,0.14691,0.118281,0.039555,0.091665,9.17,False,NONE,311,2026-06-21 15:10:28
c6a07656-c5c9-fb91-ff6e-f9ed7e4ce29f,0.04732,0.045473,0.035912,0.009201,0.035515,3.55,False,NONE,416,2026-06-21 15:10:28
c7332304-4822-3120-c4f9-eccd7630a8a7,0.005105,0.049084,0.061416,0.018599,0.017949,1.79,False,NONE,435,2026-06-21 15:10:28
c80c2195-8b65-84ce-7acc-99705beec570,0.117588,0.029734,0.039807,0.010636,0.067931,6.79,False,NONE,361,2026-06-21 15:10:28
c8d0f9e5-9919-65ea-98d0-0c2c17d30f32,0.29728,0.119755,0.47875,0.172392,0.224309,22.43,False,NONE,118,2026-06-21 15:10:28
c9525185-81e0-3a5e-8b48-f49686abd4e7,0.118355,0.124688,0.10828,0.035869,0.094876,9.49,False,NONE,307,2026-06-21 15:10:28
c958e75e-21d5-3971-3367-49b52cf6bf75,0.080998,0.054577,0.053667,0.015743,0.056137,5.61,False,NONE,374,2026-06-21 15:10:28
c9c23e69-d82c-7565-4bb9-07ec13c11754,0.560809,0.04601,0.257467,0.090846,0.31686,31.69,True,ML_ENSEMBLE|IF_PREDICT,46,2026-06-21 15:10:28
c9ce44bd-7c3f-1add-da38-5db590eeb067,0.06579,0.02736,0.048494,0.013837,0.042518,4.25,False,NONE,400,2026-06-21 15:10:28
c9d6a63b-ca3c-6f5f-5bb5-c40c03cde2e3,0.006495,0.017256,0.032304,0.007871,0.00906,0.91,False,NONE,451,2026-06-21 15:10:28
c9e26074-4f16-39a0-0a17-991ea5769411,0.237278,0.024453,0.091343,0.029627,0.132418,13.24,True,DOMAIN_RULE,243,2026-06-21 15:10:28
cb371d97-cdcc-2d6a-1a16-998c7648776e,0.424667,0.286274,0.122357,0.041057,0.281905,28.19,True,IF_PREDICT,67,2026-06-21 15:10:28
cb6ad0c7-a235-6dd4-1355-08d073b5bad5,0.292609,0.091625,0.217671,0.076181,0.187484,18.75,False,NONE,163,2026-06-21 15:10:28
cb881c32-cbb0-2a8b-d908-a121d1a7ba20,0.358722,0.045691,0.071667,0.022377,0.195212,19.52,True,IF_PREDICT|DOMAIN_RULE,155,2026-06-21 15:10:28
cbb18c79-1036-708d-d9a0-90075bb47c18,0.293549,0.101158,0.227292,0.079727,0.190924,19.09,False,NONE,161,2026-06-21 15:10:28
cc152a1b-e278-9642-a484-e035330faaa3,0.270988,0.505886,0.098601,0.032302,0.246362,24.64,False,NONE,94,2026-06-21 15:10:28
ccac2fb5-1a0c-6c04-93cd-129110042d82,0.196193,0.364368,0.203519,0.070966,0.19226,19.23,True,DOMAIN_RULE,158,2026-06-21 15:10:28
cd98f9e2-8d88-8beb-090d-9655db842660,0.081688,0.095894,0.094282,0.030711,0.069236,6.92,False,NONE,352,2026-06-21 15:10:28
ce777f00-ecf2-7e76-8519-7ff4006ed6e3,0.584528,0.052837,0.367587,0.131427,0.34226,34.23,True,ML_ENSEMBLE|IF_PREDICT,33,2026-06-21 15:10:28
cf03f0c8-0eff-d5bd-47eb-340dc74e48ff,0.16922,0.520045,0.113492,0.03779,0.199956,20.0,False,NONE,148,2026-06-21 15:10:28
cf0e6d2b-315c-167a-45d8-a6ad77d0359e,0.555747,0.050372,0.022136,0.004124,0.289185,28.92,True,IF_PREDICT,62,2026-06-21 15:10:28
cf2e3296-7184-b713-a55f-65b7e709fba6,0.324575,0.06458,0.051198,0.014833,0.179654,17.97,False,NONE,175,2026-06-21 15:10:28
cf767343-fced-f994-d631-c383303014d0,0.137972,0.028861,0.038008,0.009973,0.07775,7.77,False,NONE,336,2026-06-21 15:10:28
cf89569d-e550-d736-0780-6e713811b519,0.442855,0.286128,0.120516,0.040378,0.290766,29.08,True,IF_PREDICT,60,2026-06-21 15:10:28
d038e153-c601-818b-61fa-01ba231ae7c7,0.210459,0.026715,0.149399,0.051022,0.125879,12.59,True,DOMAIN_RULE,253,2026-06-21 15:10:28
d0725b5c-a281-4044-6f96-288295d82980,0.4996,0.097666,0.25094,0.088441,0.295866,29.59,True,IF_PREDICT|DOMAIN_RULE,58,2026-06-21 15:10:28
d1682e09-f1f7-d904-1307-5157d8c128e7,0.274405,0.054578,0.310018,0.110212,0.181182,18.12,False,NONE,170,2026-06-21 15:10:28
d52721e7-19bc-143e-fb02-bebb48729a4d,0.573504,0.058961,0.352543,0.125883,0.336309,33.63,True,ML_ENSEMBLE|IF_PREDICT,39,2026-06-21 15:10:28
d5f25073-f414-02b1-e442-9ebbda7b9095,0.017117,0.064206,0.033057,0.008148,0.023844,2.38,False,NONE,426,2026-06-21 15:10:28
d6d7b3b8-3309-4d35-3f4d-f561f319c125,0.174697,0.402286,0.054507,0.016053,0.172622,17.26,False,NONE,189,2026-06-21 15:10:28
d72b6108-2a40-5f12-b963-f37f67814c1f,0.561398,0.220381,0.497321,0.179236,0.378546,37.85,True,ML_ENSEMBLE|IF_PREDICT|DOMAIN_RULE,16,2026-06-21 15:10:28
d7c4fe9c-e1e0-fffc-98f6-fd7f7eb162f1,0.010223,0.027614,0.045461,0.012719,0.01445,1.45,False,NONE,442,2026-06-21 15:10:28
d8d994b8-d90f-74e9-06dd-f6cab0c30a59,0.229997,0.199611,0.284589,0.100841,0.185173,18.52,False,NONE,167,2026-06-21 15:10:28
d8dff535-c62d-baea-de70-bd3000a21367,0.073424,0.321125,0.022136,0.004124,0.102174,10.22,False,NONE,293,2026-06-21 15:10:28
d8e7012f-3968-1c81-7b70-c3b8a81fdec3,0.047222,0.050773,0.057775,0.017257,0.038943,3.89,False,NONE,409,2026-06-21 15:10:28
d8e70aeb-e7b3-3085-178b-e96820f87ba2,0.172288,0.034927,0.041295,0.011184,0.096484,9.65,False,NONE,304,2026-06-21 15:10:28
d9750f00-d5ab-a8ae-9112-fbc03d8f95f4,0.563997,0.054175,0.09022,0.029214,0.301598,30.16,True,ML_ENSEMBLE|IF_PREDICT,52,2026-06-21 15:10:28
da3c45ca-43d7-8f2b-769d-e1e34eed4124,0.371557,0.124368,0.523865,0.189017,0.267357,26.74,True,IF_PREDICT,78,2026-06-21 15:10:28
dabac50d-ca3d-d859-c5ce-099c46b82659,0.077785,0.053698,0.043607,0.012036,0.053243,5.32,False,NONE,380,2026-06-21 15:10:28
dabf984e-53ff-8461-2a1f-1b61265cb9d9,0.200697,0.27444,0.081783,0.026105,0.163068,16.31,False,NONE,201,2026-06-21 15:10:28
db20a56e-dc81-5fe7-ceda-8bbb71710434,0.604453,0.052216,0.318178,0.113219,0.346636,34.66,True,ML_ENSEMBLE|IF_PREDICT,29,2026-06-21 15:10:28
dbd30aec-0b46-1173-00a8-547382425912,0.660653,0.063237,0.287154,0.101786,0.37351,37.35,True,ML_ENSEMBLE|IF_PREDICT,19,2026-06-21 15:10:28
dd83ad03-7066-e289-1644-84a0d1151fff,0.461109,0.025436,0.130968,0.04423,0.248911,24.89,True,IF_PREDICT,92,2026-06-21 15:10:28
de9e3757-5260-001e-eecf-67d2749176f4,0.813535,0.13165,0.431609,0.15502,0.479604,47.96,True,ML_ENSEMBLE|IF_PREDICT,5,2026-06-21 15:10:28
df7d0dd7-236e-1608-9acb-394acd1f5318,0.297275,0.076984,0.103006,0.033926,0.174212,17.42,True,DOMAIN_RULE,184,2026-06-21 15:10:28
df9b141e-c7f7-bda1-bff1-5840207e863f,0.186467,0.048166,0.2515,0.088647,0.129461,12.95,False,NONE,249,2026-06-21 15:10:28
e0ccedc5-f05d-b76e-1a84-a51aa9d3d7c7,0.197608,0.036899,0.056174,0.016667,0.111184,11.12,False,NONE,276,2026-06-21 15:10:28
e1721c83-ef5e-4376-a723-fb72682b163a,0.477373,0.192638,0.577232,0.208684,0.339819,33.98,True,ML_ENSEMBLE|IF_PREDICT|DOMAIN_RULE,35,2026-06-21 15:10:28
e1cde87f-ec95-5f87-ae5e-c36572eb7474,0.046657,0.0186,0.034315,0.008612,0.029632,2.96,False,NONE,422,2026-06-21 15:10:28
e1fdc6d1-6978-5221-7fb7-5c574b8c031f,0.137972,0.028861,0.038008,0.009973,0.07775,7.77,False,NONE,337,2026-06-21 15:10:28
e27718c5-737d-1fb6-d113-76e038d77b9a,0.230081,0.113451,0.035893,0.009193,0.140489,14.05,False,NONE,234,2026-06-21 15:10:28
e49d681d-51d8-7c64-55fa-1ab8458f1f19,0.0,0.026144,0.035328,0.008985,0.007924,0.79,False,NONE,452,2026-06-21 15:10:28
e5508ea2-6133-a34d-8b0e-8eb1ad371d9e,0.06589,0.065416,0.051181,0.014827,0.050477,5.05,False,NONE,382,2026-06-21 15:10:28
e6e987ca-b87b-6384-9fdd-de2ea8a2b7ad,0.099775,0.03197,0.050257,0.014487,0.060627,6.06,False,NONE,371,2026-06-21 15:10:28
e6fdd7af-dd84-cacc-f672-94643f8ea40a,0.065277,0.244126,0.032945,0.008107,0.083896,8.39,False,NONE,326,2026-06-21 15:10:28
e723ada3-8c32-bdb2-d42a-895e0fcf601f,0.368548,0.189456,0.670943,0.243218,0.295131,29.51,True,IF_PREDICT,59,2026-06-21 15:10:28
e76adca9-7811-6802-c8cc-7cfecf01f944,0.117383,0.266203,0.022706,0.004334,0.113232,11.32,False,NONE,270,2026-06-21 15:10:28
e87466d7-ad66-a1bd-9367-6a024fdc6e1b,0.012392,0.029644,0.044253,0.012274,0.015807,1.58,False,NONE,439,2026-06-21 15:10:28
e87d1c78-e7c4-21c7-4049-7b717d106c60,0.438485,0.056364,0.103499,0.034107,0.240747,24.07,True,IF_PREDICT|DOMAIN_RULE,99,2026-06-21 15:10:28
e886a011-36f7-a26c-5a9c-06792c3d17e2,0.459517,0.286118,0.120172,0.040251,0.299058,29.91,True,IF_PREDICT,54,2026-06-21 15:10:28
e893be3d-7354-ea6f-6160-745985c7504b,0.304225,0.117401,0.448522,0.161253,0.223968,22.4,False,NONE,119,2026-06-21 15:10:28
e8b3d763-f4ff-3f3a-4d9d-baeb553d2625,0.268513,0.055605,0.055664,0.016479,0.150321,15.03,True,DOMAIN_RULE,218,2026-06-21 15:10:28
e9ad0e9b-8c9a-a1e9-b3b2-63376a74dbb7,0.240218,0.021213,0.084616,0.027148,0.132496,13.25,True,DOMAIN_RULE,241,2026-06-21 15:10:28
e9ff1cae-41c8-ca8c-2a1f-955ad499da99,0.105907,0.025435,0.15337,0.052485,0.073786,7.38,False,NONE,349,2026-06-21 15:10:28
ea163354-a35f-c9c1-9804-95628972abbd,0.278701,0.084398,0.201475,0.070213,0.177294,17.73,False,NONE,179,2026-06-21 15:10:28
ea98fef8-d0d7-5e37-3bf2-025f4a0d2b73,0.045915,0.022355,0.153257,0.052444,0.043162,4.32,False,NONE,399,2026-06-21 15:10:28
eb4d8f42-8735-70a2-e511-09611869a217,0.312355,0.034486,0.488497,0.175984,0.21587,21.59,False,NONE,128,2026-06-21 15:10:28
eb6c1016-cee6-24d0-9dac-6e8345241ea6,0.111466,0.055052,0.069655,0.021635,0.073234,7.32,False,NONE,350,2026-06-21 15:10:28
ebc1bb52-82e4-dd4a-143a-c1c54f560ed5,0.284857,0.177011,0.193835,0.067397,0.19805,19.8,True,DOMAIN_RULE,152,2026-06-21 15:10:28
ebd34616-91b7-8d8e-d301-6989bfbbb17f,0.541735,0.229242,0.653288,0.236712,0.38773,38.77,True,ML_ENSEMBLE|IF_PREDICT,12,2026-06-21 15:10:28
ebe9e207-4f19-9ec0-c32d-4526b3e4110a,0.229871,0.03632,0.130675,0.044122,0.135436,13.54,False,NONE,238,2026-06-21 15:10:28
ec50ace4-80a5-2e65-afa2-855967c96204,0.3279,0.053043,0.215684,0.075449,0.197193,19.72,False,NONE,153,2026-06-21 15:10:28
ec95b3ac-0beb-7c34-4566-7c4879ba630a,0.085257,0.027892,0.030846,0.007334,0.050407,5.04,False,NONE,383,2026-06-21 15:10:28
eec259dc-7f95-897c-276a-a6ced50755d9,0.385153,0.0687,0.101751,0.033463,0.216356,21.64,True,IF_PREDICT|DOMAIN_RULE,127,2026-06-21 15:10:28
ef69a980-5ad4-79ef-636f-a890cc21cbdb,0.212661,0.518335,0.109989,0.036499,0.220947,22.09,False,NONE,123,2026-06-21 15:10:28
ef8c485b-c07a-30f2-edd4-253b50f0fd0a,0.089933,0.321976,0.030455,0.007189,0.111519,11.15,False,NONE,274,2026-06-21 15:10:28
f004e897-a15b-2e18-afb0-64065f4b1a97,0.117588,0.029734,0.039807,0.010636,0.067931,6.79,False,NONE,362,2026-06-21 15:10:28
f065c817-687a-4850-9d9b-62317d45d8ef,0.617452,0.053155,0.355032,0.1268,0.357397,35.74,True,ML_ENSEMBLE|IF_PREDICT,24,2026-06-21 15:10:28
f090f5a0-ce61-0199-6e3a-0ba8ac8d6c7d,0.421461,0.265971,1.129835,0.412325,0.387622,38.76,True,ML_ENSEMBLE|IF_PREDICT,13,2026-06-21 15:10:28
f0b2a5d1-8c7e-6f42-2646-eaf9d5c0244d,0.128421,0.012409,0.023933,0.004786,0.068128,6.81,False,NONE,353,2026-06-21 15:10:28
f1738856-e25d-36eb-9e9a-9f83066803ee,0.49181,0.086828,0.43341,0.155684,0.309976,31.0,True,ML_ENSEMBLE|IF_PREDICT,50,2026-06-21 15:10:28
f1b88d65-406f-64d6-5c72-aebd13b11e59,0.440689,0.027907,0.118176,0.039516,0.237781,23.78,True,IF_PREDICT,104,2026-06-21 15:10:28
f200c261-4d29-d1ab-3455-12f701f7c7ec,0.410473,0.37064,0.320597,0.11411,0.313598,31.36,True,ML_ENSEMBLE|IF_PREDICT|DOMAIN_RULE,47,2026-06-21 15:10:28
f2a32efd-ff13-8c80-c398-c3320e500785,0.196252,0.030169,0.032883,0.008084,0.106585,10.66,False,NONE,290,2026-06-21 15:10:28
f2c84743-9027-e770-2460-d0d2904883c1,0.408736,0.286361,0.12324,0.041382,0.274055,27.41,True,IF_PREDICT,71,2026-06-21 15:10:28
f2f25eef-1f45-dbfd-f7dc-67e030974b2b,0.161799,0.029296,0.223263,0.078242,0.110231,11.02,False,NONE,277,2026-06-21 15:10:28
f3bc9a71-07f4-fee5-2c82-989ffd9cfbb0,0.254661,0.508387,0.098313,0.032196,0.238667,23.87,False,NONE,103,2026-06-21 15:10:28
f3d04ffb-4470-9848-929e-cc924a11be44,0.280967,0.128159,0.267114,0.094402,0.194436,19.44,False,NONE,156,2026-06-21 15:10:28
f413db19-bade-8d5d-6fff-15ccb2dc6c34,0.275768,0.032017,0.222621,0.078005,0.167689,16.77,False,NONE,195,2026-06-21 15:10:28
f48f709c-49a2-2441-0ac4-de854a5b1aff,0.470275,0.047827,0.233519,0.082021,0.269309,26.93,True,IF_PREDICT,76,2026-06-21 15:10:28
f4d375c1-a293-19fa-3240-d7a14027ab7d,0.48771,0.07491,0.116246,0.038805,0.270479,27.05,True,IF_PREDICT|DOMAIN_RULE,74,2026-06-21 15:10:28
f4e95734-5052-1700-6077-96a38685abaa,0.343751,0.083937,0.251775,0.088749,0.215288,21.53,True,IF_PREDICT,129,2026-06-21 15:10:28
f50d7a37-a44d-9fec-fd85-d7fa8ac97b01,0.23496,0.116302,0.23522,0.082648,0.165535,16.55,False,NONE,197,2026-06-21 15:10:28
f5141058-3138-3975-7bf3-3a349c2dfa97,0.245683,0.056459,0.165279,0.056874,0.151196,15.12,False,NONE,216,2026-06-21 15:10:28
f5b78cc7-e6b3-c944-cb32-3e357922bac2,0.4643,0.030778,0.120447,0.040353,0.250412,25.04,True,IF_PREDICT,91,2026-06-21 15:10:28
f5c9b047-9c10-c572-0f6b-40d09efba58b,0.412201,0.03171,0.103668,0.034169,0.222693,22.27,True,IF_PREDICT,121,2026-06-21 15:10:28
f7e9101d-3f8b-4433-b60e-695c1759ba96,0.138128,0.230722,0.0373,0.009712,0.118122,11.81,False,NONE,263,2026-06-21 15:10:28
f93e08d5-bea2-9dfe-c73f-6e1baf908e3c,0.435107,0.065663,0.280565,0.099358,0.260494,26.05,True,IF_PREDICT|DOMAIN_RULE,84,2026-06-21 15:10:28
f99cea5c-b65a-d0f1-4350-ab061059ea28,0.008237,0.015379,0.040384,0.010849,0.010449,1.04,False,NONE,449,2026-06-21 15:10:28
fb8fe8c4-d8b4-8ead-9360-8edf382b5b86,0.230595,0.510878,0.09888,0.032405,0.227195,22.72,False,NONE,113,2026-06-21 15:10:28
fbe94499-dbc0-80fd-46fb-7bf300b9d4a3,0.245566,0.979256,0.028297,0.006394,0.320552,32.06,True,ML_ENSEMBLE,45,2026-06-21 15:10:28
fd235def-3e5a-87e3-5560-db22c96b5edb,0.172637,0.112699,0.033723,0.008394,0.111376,11.14,False,NONE,275,2026-06-21 15:10:28
fde91c42-002c-4c22-74de-5f7070f81dba,0.604813,0.047081,0.341354,0.12176,0.348351,34.84,True,ML_ENSEMBLE|IF_PREDICT,28,2026-06-21 15:10:28
fe7c80e9-a179-1e93-3fc8-25ac869bc00f,0.196252,0.030169,0.032883,0.008084,0.106585,10.66,False,NONE,291,2026-06-21 15:10:28
ff233d5f-6ced-d15d-5800-7c0287ea7ff5,0.302374,0.030586,0.193239,0.067177,0.177458,17.75,True,DOMAIN_RULE,178,2026-06-21 15:10:28
ff4625af-bd20-563b-f275-b5f3d436a7a8,0.05312,0.036268,0.037465,0.009773,0.036746,3.67,False,NONE,414,2026-06-21 15:10:28
ff4c96d6-71f2-ce8f-b69f-68c3e60fd420,0.377485,0.089914,0.276807,0.097973,0.236118,23.61,True,IF_PREDICT|DOMAIN_RULE,106,2026-06-21 15:10:28
ffa623d0-ea9e-5c8d-b1a8-b71f491b90e9,0.045252,0.041634,0.036495,0.009415,0.033778,3.38,False,NONE,420,2026-06-21 15:10:28
