canonical_id,platform_count,privilege_count,admin_role_count,login_frequency,dormant_days,privilege_usage_ratio,cross_platform_exposure,risk_accumulation_score,privilege_velocity,offboarding_gap_score,access_revocation_failure,risk_event_ratio,privilege_peer_deviation
00c59f30-d103-1424-4124-1bb4655ce508,3,4.0,0.0,1.726,6,1.0,2.0,0.085,0.0,0.0,0.0,0.0,0.0
0274ce40-e090-16b6-b186-a5a8d6ee526b,3,8.0,8.0,0.4932,122,0.625,3.0,0.605417,0.0,0.0,0.0,0.0,0.7045616008979774
02e7df89-b395-7a98-2320-4ff5b538f96c,4,11.0,0.0,2.9589,3,0.36363636363636365,3.0,0.381591,0.0,0.0,0.0,0.0,0.49936551852710337
033d2bce-575a-ed2c-a5c5-650c8186a576,3,13.0,13.0,7.8082,5,0.9230769230769231,3.0,0.533397,0.0,0.0,0.0,0.10377358490566038,1.2940124278517917
03edd1f8-74f9-3d17-e912-b4bf86a4bae4,3,8.0,8.0,3.863,2,1.0,3.0,0.411667,0.25,0.0,0.0,0.16030534351145037,0.21772144367170682
0406ff44-7ce4-0679-a8c6-dbc07bb3447b,3,7.0,0.0,2.2192,3,1.0,3.0,0.1425,0.0,0.0,0.0,0.0,0.0
042b03ca-75a7-2686-d632-1d31c8acffcf,2,6.0,6.0,3.9452,11,1.0,2.0,0.379167,0.25,0.0,0.0,0.1487603305785124,0.0
04ffeab2-cb7b-0b3a-8b2d-158acd5ae324,1,3.0,0.0,0.0,2,1.0,1.0,0.061667,0.0,0.0,0.0,0.0,0.0
05000bc6-b20d-cb6e-f231-1f1795863a76,4,7.0,0.0,4.5205,2,0.8571428571428571,3.0,0.177381,0.0,0.0,0.0,0.0,0.0
059dd55d-4b94-3e30-b303-f438fe2110d0,3,4.0,0.0,2.7123,4,1.0,2.0,0.083333,0.25,0.0,0.0,0.0,0.0
05c8234b-1d76-3a66-b5f5-9cb0cf685878,3,4.0,0.0,2.6301,2,1.0,2.0,0.081667,0.0,0.0,0.0,0.07692307692307693,0.0
061efb95-68f8-2063-eeb1-9ad201a1fb0f,2,4.0,0.0,0.8219,13,1.0,2.0,0.090833,0.0,0.0,0.0,0.06451612903225806,0.0
06a241af-1d0a-f7f7-f5e4-a4713fe68c9c,5,10.0,0.0,4.1918,2,0.9,4.0,0.226667,0.25,0.0,0.0,0.0,0.43371876920624003
06e3f949-8cd3-4c62-c482-9b71ae84b81c,4,7.0,0.0,2.7123,3,0.7142857142857143,3.0,0.213929,0.0,0.0,0.0,0.0,0.0
085eb489-4ac6-6780-3874-9f3cc2d49b56,5,16.0,0.0,2.5479,3,0.9375,5.0,0.359514,0.0,0.8277777777777777,1.0,0.12698412698412698,1.3927237937736727
098c60b3-efc9-909e-d9af-6e09b91e3d6e,4,7.0,0.0,2.7123,3,0.7142857142857143,3.0,0.213929,0.0,0.0,0.0,0.09259259259259259,0.3487224085252616
09a0a0f6-73b0-a091-7634-c1694f76e388,5,10.0,0.0,4.1918,3,0.9,4.0,0.2275,0.25,0.0,0.0,0.0,0.5448091531177404
09b7fdf7-7d8d-3ddd-2cf1-49cb4f1e1a37,1,1.0,0.0,0.0,13,1.0,1.0,0.030833,0.0,0.0,0.0,0.0,0.0
0a0537f0-2c2c-d22b-a568-95c6812a1f9b,4,11.0,0.0,2.0548,3,0.9090909090909091,3.0,0.290505,0.25,0.9055555555555556,1.0,0.13333333333333333,0.49936551852710337
0ab54bde-20a0-4502-6e06-809725e97977,4,7.0,0.0,3.1233,2,1.0,3.0,0.141667,0.25,0.0,0.0,0.0,0.0
0ba6eab9-4639-447b-2067-bdac88bd13d1,3,12.0,12.0,5.6712,3,0.9166666666666666,3.0,0.513333,0.0,0.0,0.0,0.0898876404494382,0.6393643039032164
0c3ce284-c7e5-3bbb-dcb5-1c535b62a8df,4,13.0,0.0,1.2329,8,0.7692307692307693,4.0,0.371026,0.0,0.9333333333333333,1.0,0.08823529411764706,0.8277041763708305
0cf697a5-7603-c36c-f139-4e3c0aee2557,1,3.0,0.0,0.0,2,1.0,1.0,0.061667,0.0,0.0,0.0,0.0,0.0
0d259caa-b8ad-ad87-3a40-45dd93dfd907,2,3.0,0.0,1.9726,2,1.0,1.0,0.061667,0.0,0.0,0.0,0.0,0.0
0d31812e-30c3-6756-d453-f867b97e6224,4,27.0,27.0,5.6712,4,0.7777777777777778,4.0,0.608889,0.0,0.0,0.0,0.11170212765957446,4.324599154790932
0e165b12-9bdc-70d1-9cbf-7b8c74102d5d,3,4.0,0.0,1.3973,2,1.0,2.0,0.081667,0.0,0.0,0.0,0.0,0.0
0e5dd462-cbd0-0ef2-530a-37df0bc61066,3,4.0,0.0,0.3288,11,1.0,2.0,0.139167,0.0,1.0,1.0,0.0,0.0
0eaf04b5-f2a9-dc8a-ca9e-4a62fae3114b,5,10.0,0.0,4.8493,5,1.0,4.0,0.204167,0.0,0.0,0.0,0.0,0.6446009863648331
0f6ce9bf-fe7e-e362-8a89-b0f0105291d3,3,6.0,0.0,1.726,4,1.0,3.0,0.123333,0.0,0.0,0.0,0.075,0.0
0fc98d2e-030f-9be9-1f17-8f9323c97a1e,1,3.0,0.0,0.0,6,1.0,1.0,0.065,0.0,0.0,0.0,0.0,0.0
118a9d29-2f92-3996-d9f1-95d014822f53,3,4.0,0.0,2.137,4,1.0,2.0,0.083333,0.0,0.0,0.0,0.0,0.0
1238d630-743b-65a2-dc0f-2fcfb3f6fe0d,2,4.0,0.0,1.8082,2,1.0,2.0,0.081667,0.0,0.0,0.0,0.0,0.0
13325c31-d010-318a-eadc-9960424211e2,1,3.0,0.0,0.0,6,1.0,1.0,0.065,0.0,0.0,0.0,0.0,0.0
13aec376-c359-810a-71a6-014c5f3c44dc,3,6.0,0.0,1.726,3,1.0,3.0,0.1225,0.5,0.0,0.0,0.09782608695652174,0.0
14a34f7f-d90d-d19b-d3fb-e043af1d5a1a,4,7.0,0.0,5.2603,2,1.0,3.0,0.141667,0.25,0.0,0.0,0.6823266219239373,0.0
1578d709-48f9-e3d0-1fea-e1e0d9e604b3,4,13.0,0.0,3.1233,2,0.9230769230769231,3.0,0.280897,0.0,0.0,0.0,0.07801418439716312,0.854618840432291
15fa9483-f633-cc2d-eba9-00e16a7d5d96,4,7.0,0.0,1.0685,9,1.0,3.0,0.1975,0.25,1.0,1.0,0.0975609756097561,0.0
16591c89-21eb-faa9-1a2b-d69c450f69ee,4,7.0,0.0,1.0685,5,1.0,3.0,0.183611,0.0,0.7888888888888889,1.0,0.13043478260869565,0.0
1674eb65-0f9c-5300-7aa1-c5678cf9eea9,1,0.0,0.0,0.0,2,0.0,0.0,0.251667,0.0,0.0,0.0,0.0,0.0
170d7507-05ee-e1d4-7f53-a88e4efc8248,4,13.0,3.0,2.3836,5,0.9230769230769231,4.0,0.34109,0.0,0.0,0.0,0.0,0.6298564389083204
17e52113-4626-23be-e068-8849eec71a30,3,12.0,12.0,4.6027,3,1.0,3.0,0.4925,0.0,0.0,0.0,0.02877697841726619,2.1279183703888402
17e8392a-55ce-e5db-9e87-e04ca2086977,4,12.0,12.0,0.411,145,0.3333333333333333,4.0,0.7775,0.25,0.0,0.0,0.0,0.9586242669127392
183fea70-3ff6-579e-8cd4-b90abf8211bc,1,3.0,0.0,0.0,2,1.0,1.0,0.061667,0.0,0.0,0.0,0.0,0.0
18fdd2b9-79e5-c9aa-592a-35497ba109d0,3,8.0,8.0,0.2466,137,0.5,3.0,0.649167,0.0,0.0,0.0,0.07692307692307693,0.21772144367170682
1986b4b2-70b7-e868-d854-80f0dfcaf0b7,2,18.0,18.0,4.3562,9,0.6666666666666666,2.0,0.640833,0.0,0.0,0.0,0.14728682170542637,2.3763648303300564
1a432f0a-7daa-39f0-c0b6-fce2de53790a,3,4.0,0.0,3.6986,4,1.0,2.0,0.083333,0.0,0.0,0.0,0.0,0.0
1c0f0bdc-ac7e-937c-54cc-1e2a5e4cb287,3,5.0,5.0,3.0411,2,1.0,3.0,0.351667,0.0,0.0,0.0,0.07751937984496124,0.0
1ca3c448-0279-b6a6-8f97-97b06d7ce3c9,4,7.0,0.0,3.1233,2,0.8571428571428571,3.0,0.177381,0.25,0.0,0.0,0.0,0.03249573786144873
1dde7969-6886-13db-a634-8e784d5c55c7,3,5.0,5.0,0.9863,11,1.0,3.0,0.409167,0.0,1.0,1.0,0.0,0.0
1e5ebe54-5907-7299-dc3b-bdd8a74e02a9,3,10.0,10.0,0.411,166,0.5,3.0,0.713333,0.0,0.0,0.0,0.0,1.416239985643409
1eb74b56-53ff-d3a2-4a19-35014169b9fc,4,7.0,0.0,2.6301,3,0.8571428571428571,3.0,0.178214,0.0,0.0,0.0,0.0,0.298297800918265
1f5df912-54e0-7431-cf13-3b65d450afa2,1,0.0,0.0,0.0,3,0.0,0.0,0.2525,0.25,0.0,0.0,0.0,0.0
20509c62-08e8-95d7-702c-1821c8040fb7,5,10.0,0.0,4.7671,4,0.8,4.0,0.253333,0.0,0.0,0.0,0.0,0.3114192884525528
21084dd9-f75d-1e3c-c48d-56502e9522d6,3,8.0,8.0,5.6712,3,1.0,3.0,0.4125,0.75,0.0,0.0,0.05952380952380952,0.5220211516069638
22ab7752-c4db-5a62-2e13-418d68ab80ea,3,6.0,0.0,2.4658,11,0.8333333333333334,2.0,0.170833,0.25,0.0,0.0,0.0,0.0
23d7e6a1-19b8-14fc-e587-1d8916312fc6,4,11.0,0.0,3.0411,2,0.7272727272727273,3.0,0.289848,0.0,0.0,0.0,0.0,0.49936551852710337
24108e9a-3f77-9cae-7318-b96d44790612,3,6.0,0.0,4.9315,2,1.0,3.0,0.121667,0.0,0.0,0.0,0.6876574307304786,0.0
255bfc1c-7e3d-5ee4-44b6-4ec14d16f049,3,4.0,0.0,3.3699,4,1.0,2.0,0.083333,0.0,0.0,0.0,0.0,0.0
25f88c74-53ea-4919-db48-62c2d5ff2a1f,1,2.0,2.0,2.137,11,1.0,1.0,0.299167,0.25,0.0,0.0,0.1643835616438356,0.0
2620f9a9-74fd-33d1-84f2-fd0f79474bfa,4,7.0,0.0,4.274,5,0.8571428571428571,3.0,0.179881,0.25,0.0,0.0,0.06097560975609756,0.298297800918265
267eddce-df8f-4197-9a4a-99b2e806133c,5,10.0,0.0,2.9589,4,1.0,4.0,0.203333,1.0,0.0,0.0,0.0,0.5448091531177404
26a9e100-b509-109b-1166-58ce3b3f3800,4,11.0,0.0,2.7123,2,0.6363636363636364,3.0,0.312576,0.25,0.0,0.0,0.0,0.49936551852710337
277eb0aa-a247-541d-c8ad-0899b630794d,4,14.0,0.0,3.4521,5,0.7142857142857143,4.0,0.355595,0.25,0.0,0.0,0.0,1.0322455013848848
27b608dc-589d-ecb0-75eb-89c23f5cf2f3,3,7.0,0.0,3.6164,6,1.0,3.0,0.145,0.0,0.0,0.0,0.6449511400651465,0.298297800918265
27d415b6-0d77-c5a0-e222-b6a615bfbe97,3,8.0,0.0,2.3836,24,0.875,3.0,0.21125,0.0,0.0,0.0,0.0,0.0
286ed390-edd9-7a1a-fa58-5b278ce3e7c3,1,1.0,1.0,1.0685,10,1.0,1.0,0.278333,0.0,0.0,0.0,0.06818181818181818,0.0
2976aab2-2a26-f770-4ddb-1b36272c0588,4,7.0,0.0,2.6301,3,0.8571428571428571,3.0,0.178214,0.0,0.0,0.0,0.06611570247933884,0.0
2a96e1e2-7194-eae2-19ba-d7aedf615a5c,2,3.0,0.0,1.5616,2,1.0,1.0,0.061667,0.0,0.0,0.0,0.0,0.0
2ab8bd33-911f-730b-dbff-00b07fe670f3,4,6.0,0.0,2.0548,4,1.0,3.0,0.123333,0.0,0.0,0.0,0.08849557522123894,0.0
2ad11fe8-7d1b-695e-71a0-449dd703262f,2,6.0,6.0,0.4932,125,0.6666666666666666,2.0,0.5575,0.0,0.0,0.0,0.1,0.0
2b1ac76c-89ec-bc51-98cb-aa5247f53019,2,4.0,0.0,1.3973,7,1.0,2.0,0.085833,0.0,0.0,0.0,0.0,0.0
2c2ac34b-9e0b-7b01-7536-59efd873dad9,3,8.0,8.0,0.411,122,0.375,3.0,0.667917,0.0,0.0,0.0,0.26666666666666666,0.0
2c78644f-d860-65a2-fdd5-b0f8d6d744fd,1,0.0,0.0,0.0,10,0.0,0.0,0.258333,0.0,0.0,0.0,0.0,0.0
2c913a7c-a340-4f08-b341-91b8ed6522b4,4,7.0,0.0,2.5479,3,0.5714285714285714,3.0,0.249643,0.0,0.0,0.0,0.0,0.0
2d79a2d1-506e-50c7-7aa0-61e9336b00cb,5,14.0,0.0,3.7808,4,0.5714285714285714,4.0,0.390476,0.25,0.0,0.0,0.0,1.0322455013848848
2e183554-cae2-8e66-ae8a-781390e0a95b,4,7.0,0.0,3.2877,8,0.8571428571428571,3.0,0.182381,0.0,0.0,0.0,0.0,0.0
2e85cb21-7631-de9d-dde9-f86322bd3388,3,4.0,0.0,4.1096,4,1.0,2.0,0.083333,0.0,0.0,0.0,0.6366120218579235,0.0
2fb21e66-7ed1-7aab-c9b7-c9bc65a16fa9,3,10.0,0.0,1.6438,2,0.8,3.0,0.251667,0.0,0.0,0.0,0.0,0.2626845589679882
2fe5b140-23ea-7956-49f1-137d7d592e19,3,4.0,0.0,2.7123,5,1.0,2.0,0.084167,0.0,0.0,0.0,0.04716981132075472,0.0
3098f7b2-500e-15c0-b89b-df7f93e34c35,3,4.0,0.0,3.0411,3,1.0,2.0,0.0825,0.0,0.0,0.0,0.0,0.0
30cbd755-6232-b17a-2507-41818d1fb540,3,4.0,0.0,2.3836,5,1.0,2.0,0.084167,0.0,0.0,0.0,0.09900990099009901,0.0
30d73df7-1c22-1cea-b355-56a5f2bd92f2,3,4.0,0.0,1.8082,7,1.0,2.0,0.085833,0.0,0.0,0.0,0.0,0.0
310c0c00-3fa7-f104-1bf9-0e27dc96925e,4,7.0,0.0,2.2192,2,0.7142857142857143,3.0,0.213095,0.0,0.0,0.0,0.052083333333333336,0.03249573786144873
31f3f0c0-22f3-f068-7c0f-549d02740f73,4,7.0,0.0,4.1096,4,1.0,3.0,0.143333,0.0,0.0,0.0,0.0,0.0
329fc417-1081-3d45-ff45-f8a20594b24f,1,1.0,0.0,0.0,3,1.0,1.0,0.0225,0.0,0.0,0.0,0.0,0.0
34879e41-1a9c-672a-4eb9-047dba2ac3d9,4,7.0,0.0,3.0411,2,0.8571428571428571,3.0,0.177381,0.25,0.0,0.0,0.0,0.3487224085252616
3508507a-f622-d842-0402-2b3c508211a5,4,6.0,0.0,3.1233,10,1.0,3.0,0.128333,0.0,0.0,0.0,0.08088235294117647,0.07457445022956621
35ebd32d-9ad6-20ab-4821-2ddb45b89cd9,3,7.0,0.0,2.0548,2,0.8571428571428571,3.0,0.177381,0.0,0.0,0.0,0.0,0.0
378e6510-8f10-d33e-abe4-2e7db96c1163,2,3.0,0.0,1.5616,3,1.0,1.0,0.0625,0.0,0.0,0.0,0.11538461538461539,0.0
37bb3eec-4bf5-0b52-309d-258c27a0c3d7,3,7.0,0.0,3.1233,2,1.0,3.0,0.141667,0.0,0.0,0.0,0.0,0.03249573786144873
3805f907-6cd6-6193-c746-8f591b494e15,3,6.0,0.0,1.8904,4,1.0,3.0,0.123333,0.0,0.0,0.0,0.08247422680412371,0.07457445022956621
3810ae66-5a31-b4cc-cd4b-69a99b689c88,5,15.0,5.0,3.7808,4,0.7333333333333333,5.0,0.453333,0.0,0.0,0.0,0.10067114093959731,0.9270194767522459
38e7e019-fb89-86c8-c7ec-fe71d49347fc,1,1.0,0.0,0.0,2,1.0,1.0,0.021667,0.0,0.0,0.0,0.0,0.0
39118497-3a43-b2ba-df0f-06cbcb9bc326,3,12.0,12.0,4.4384,2,0.8333333333333334,3.0,0.533333,0.0,0.0,0.0,0.1056338028169014,1.077541947356139
3922a7e4-2de9-82f8-0d7b-ec04e6e59b32,3,11.0,0.0,1.5616,2,0.8181818181818182,3.0,0.267121,0.0,0.0,0.0,0.0,0.49936551852710337
39669fa7-5997-0043-f3b1-025bfff9f585,3,4.0,0.0,1.6438,6,1.0,2.0,0.085,0.0,0.0,0.0,0.0,0.0
3985fb62-17dc-8eff-6872-13f98d605936,3,6.0,0.0,0.5753,7,1.0,3.0,0.163333,0.0,0.75,1.0,0.0,0.0
39b02e2a-d96e-684f-3db0-174e7938878a,3,5.0,5.0,2.7123,2,1.0,3.0,0.351667,0.0,0.0,0.0,0.0,0.0
3b41c943-ebd8-a3b1-0b3d-0c3617d09810,2,4.0,0.0,1.1507,4,1.0,2.0,0.083333,0.25,0.0,0.0,0.0,0.0
3b964c74-ffe6-2994-9580-4c2ac44fc4b8,1,1.0,0.0,0.0,3,1.0,1.0,0.0225,0.0,0.0,0.0,0.0,0.0
3b9b2d45-a350-55e4-39c5-9df987f255d6,4,15.0,0.0,3.3699,3,0.8666666666666667,4.0,0.335833,0.0,0.0,0.0,0.0,1.2043839213060588
3c9ad14c-ee0c-aeb5-ecfe-db992790cebd,4,7.0,0.0,2.137,2,1.0,3.0,0.141667,0.25,0.0,0.0,0.0,0.0
3d114802-2702-878b-9f0f-da8d05379ff6,3,13.0,13.0,4.5205,3,1.0,3.0,0.5125,0.0,0.0,0.0,0.10759493670886076,2.4837575627615562
3d67cde9-2834-e4c0-14c8-b3b4a911d192,5,14.0,0.0,4.0274,6,0.7857142857142857,4.0,0.338571,0.5,0.0,0.0,0.0,1.0322455013848848
3e19fc1d-9f6a-6a65-bd54-da044dcd0009,2,8.0,8.0,3.3699,3,1.0,2.0,0.4125,0.0,0.0,0.0,0.12096774193548387,0.09200095104374786
3e42df5b-90a3-fbbf-7580-e05067f1698c,2,8.0,1.0,0.8219,12,0.375,2.0,0.3575,0.0,0.0,0.0,0.0,0.0
3ed8c56c-da09-dfa0-5282-8d8044b591f7,4,7.0,0.0,3.863,3,0.8571428571428571,3.0,0.178214,0.0,0.0,0.0,0.0,0.0
3f5e3b8c-c058-2da5-a757-075bd47f83b1,3,4.0,0.0,2.5479,13,0.75,2.0,0.153333,0.0,0.0,0.0,0.0,0.0
3f738f50-19a2-676f-28dd-2bfdf956be95,1,3.0,0.0,0.0,2,1.0,1.0,0.061667,0.0,0.0,0.0,0.0,0.0
3f87dfc2-1591-52f2-a505-da9c46e75a2c,3,4.0,0.0,0.8219,2,1.0,2.0,0.131667,0.0,1.0,1.0,0.18518518518518517,0.0
409e7a80-86c5-d1d6-9ea9-f50831227592,3,12.0,12.0,4.6027,8,0.9166666666666666,3.0,0.5175,0.25,0.0,0.0,0.10759493670886076,2.1279183703888402
40a26c60-0d27-0659-f72a-da9b2f32751e,3,4.0,0.0,1.8904,2,1.0,2.0,0.081667,0.0,0.0,0.0,0.0,0.0
43b47ee5-e1e8-9e7e-2249-8f666e51484d,3,4.0,0.0,0.6575,2,1.0,2.0,0.129167,0.0,0.95,1.0,0.07692307692307693,0.0
43c07d43-93a7-4792-c561-b8dca4364fcd,3,4.0,0.0,2.7123,2,0.75,2.0,0.144167,0.0,0.0,0.0,0.04,0.0
43d88870-f81d-baa1-c812-0a8e78308930,4,7.0,0.0,1.3973,9,0.8571428571428571,3.0,0.223492,0.0,0.8055555555555556,1.0,0.02040816326530612,0.298297800918265
44007d5a-e88d-a719-2624-2b40a5cb63a2,3,4.0,0.0,0.7397,2,1.0,2.0,0.131667,0.25,1.0,1.0,0.20689655172413793,0.0
453b45fe-636c-f499-5254-aad3809cd839,1,1.0,0.0,0.0,5,1.0,1.0,0.024167,0.0,0.0,0.0,0.0,0.0
45df16b6-382c-043f-7cfc-9b793875394c,3,7.0,0.0,1.5616,2,0.7142857142857143,3.0,0.213095,0.0,0.0,0.0,0.0,0.3487224085252616
46fde062-a33d-c7af-d701-410d3f4b1a70,4,11.0,0.0,3.863,3,0.9090909090909091,3.0,0.245227,0.0,0.0,0.0,0.0,0.49936551852710337
473bd358-610e-6a64-e130-1617c2dff335,4,7.0,0.0,4.3562,3,1.0,3.0,0.1425,0.25,0.0,0.0,0.0,0.0
47419b48-34ae-4abd-36fc-e0acb4698db3,2,9.0,9.0,2.8767,15,1.0,2.0,0.4425,0.0,0.0,0.0,0.1111111111111111,0.42813050586918017
49646b96-fa3c-1628-8926-21df465568b7,2,4.0,0.0,0.9041,3,1.0,2.0,0.0825,0.0,0.0,0.0,0.06451612903225806,0.0
49a214ae-f7e8-f8e5-0d2b-91efb8976ec5,3,4.0,0.0,1.3151,2,1.0,2.0,0.131667,0.0,1.0,1.0,0.1388888888888889,0.0
4a90cd0c-24c1-73b9-b7f2-85723defa849,5,10.0,0.0,2.9589,2,0.9,4.0,0.226667,0.0,0.0,0.0,0.0,0.588172855292223
4b91b8cb-6ae6-6582-b852-b3cd9442b5e6,4,7.0,0.0,2.5479,5,1.0,3.0,0.144167,0.0,0.0,0.0,0.078125,0.03249573786144873
4d3485c5-c5c1-4eb4-b27b-3d901a16342c,3,4.0,0.0,1.6438,7,1.0,2.0,0.085833,0.0,0.0,0.0,0.07407407407407407,0.0
4d57d880-d865-d69a-74f3-310340066ff2,4,7.0,0.0,5.2603,5,1.0,3.0,0.144167,0.5,0.0,0.0,0.6560196560196561,0.3487224085252616
4d71c366-b41b-3143-8b10-550cd5704f32,4,7.0,0.0,1.0685,6,1.0,3.0,0.195,0.0,1.0,1.0,0.125,0.0
4f11d8dc-5cd3-3369-04aa-c1b75ca0c428,4,7.0,0.0,3.1233,4,0.42857142857142855,3.0,0.28619,0.25,0.0,0.0,0.0,0.03249573786144873
4f612217-eef1-6694-50ca-e32d0aba590e,4,11.0,0.0,3.2877,4,1.0,3.0,0.223333,0.0,0.0,0.0,0.0,0.49936551852710337
4fa03f26-f6f7-f0cc-29ec-8e49d1bdb8c0,2,3.0,0.0,1.4795,11,0.6666666666666666,1.0,0.1525,0.0,0.0,0.0,0.0,0.0
501ba851-5ee6-8495-3400-29c3ea11905b,3,4.0,0.0,1.0685,3,1.0,2.0,0.1325,0.0,1.0,1.0,0.09090909090909091,0.0
502cf0ee-224a-66a6-ac0f-680115b24e1d,3,6.0,0.0,2.7123,10,0.8333333333333334,2.0,0.17,0.0,0.0,0.0,0.0,0.0
50647c59-774f-6354-7316-ce642a147a96,3,5.0,5.0,0.8219,3,1.0,3.0,0.4025,0.25,1.0,1.0,0.0,0.0
506e5a9a-b758-588d-ab73-295b344a54b8,3,6.0,0.0,1.3973,3,1.0,2.0,0.1225,0.0,0.0,0.0,0.0,0.0
5168bbf2-97af-5bde-3c8e-9d782d14e9f4,1,3.0,0.0,0.0,2,1.0,1.0,0.061667,0.0,0.0,0.0,0.0,0.0
517400f8-0b2c-782a-6928-8e92c68a152f,3,4.0,0.0,2.3014,3,1.0,2.0,0.0825,0.0,0.0,0.0,0.0,0.0
51e744e4-b864-ca08-ea75-752d6a8fcacb,3,12.0,12.0,3.5342,2,1.0,3.0,0.491667,0.0,0.0,0.0,0.06422018348623854,1.077541947356139
530ac1c7-b8ba-8368-4fc7-77685ebbcca5,2,4.0,4.0,2.7123,3,1.0,2.0,0.3325,0.0,0.0,0.0,0.12359550561797752,0.0
5380b904-688c-7015-aab9-7e494f2d4796,4,7.0,0.0,2.3836,2,1.0,3.0,0.141667,0.5,0.0,0.0,0.0,0.03249573786144873
53f30073-83e9-6ef4-6d7d-f5d0d3b59af7,4,7.0,0.0,2.6301,4,0.8571428571428571,3.0,0.229048,0.0,1.0,1.0,0.08955223880597014,0.03249573786144873
548c1d84-340d-e049-4147-65063e2bf9c9,3,4.0,0.0,0.6575,4,1.0,2.0,0.133333,0.0,1.0,1.0,0.18518518518518517,0.0
54e38579-c0af-d193-f780-ef2f664d5922,3,5.0,5.0,2.5479,5,0.8,3.0,0.404167,0.0,0.0,0.0,0.04504504504504504,0.0
56cb1ab0-62fb-26d7-f4db-ca07e506f670,4,7.0,0.0,1.3151,6,0.7142857142857143,3.0,0.266429,0.0,1.0,1.0,0.11428571428571428,0.3487224085252616
586a346a-dc5b-e7d1-fcef-1972bbf483ce,4,7.0,0.0,4.1918,5,1.0,3.0,0.144167,0.0,0.0,0.0,0.0,0.0
59e4b671-4774-bc58-c5f8-bc16f7860b50,4,7.0,0.0,2.137,3,1.0,3.0,0.1425,0.0,0.0,0.0,0.06140350877192982,0.0
5a304528-0b59-9562-2227-219f551ff086,3,6.0,0.0,1.1507,11,1.0,3.0,0.168611,0.0,0.7888888888888889,1.0,0.12121212121212122,0.0
5a8aaeca-1a50-aec3-aabc-25fa3fe12e47,3,4.0,0.0,2.8767,3,0.75,2.0,0.145,0.0,0.0,0.0,0.09183673469387756,0.0
5aaab32f-ce63-22b6-ab05-347fd556b37d,4,7.0,0.0,2.3836,3,0.8571428571428571,3.0,0.178214,0.0,0.0,0.0,0.0,0.3487224085252616
5b80b8d1-8788-dfed-78c0-4ed8fdd4ff21,1,1.0,0.0,0.0,6,1.0,1.0,0.025,0.0,0.0,0.0,0.0,0.0
5bd93609-b297-a782-bcf4-74aace63cb1a,1,1.0,0.0,0.0,3,1.0,1.0,0.0225,0.0,0.0,0.0,0.0,0.0
5c0b9b10-a757-cb10-42f5-25b902ed73ce,3,12.0,12.0,7.2329,2,1.0,3.0,0.491667,0.0,0.0,0.0,0.08411214953271028,0.6769921794796971
5c11ab6d-42f5-b3f5-4ef4-c34d5bf86f3c,4,7.0,0.0,2.7945,3,0.8571428571428571,3.0,0.178214,0.25,0.0,0.0,0.0,0.3487224085252616
5cce5ba9-31d4-ee09-8fd3-3afc91fdfa4f,2,4.0,0.0,1.3973,7,1.0,2.0,0.085833,0.0,0.0,0.0,0.0,0.0
5d71a898-6497-6593-c92e-8c93d105c8d6,3,4.0,0.0,3.6986,3,1.0,2.0,0.0825,0.25,0.0,0.0,0.0,0.0
5e09a9ee-af88-bdec-fb1e-143b196f4dfa,3,11.0,11.0,5.1781,2,1.0,3.0,0.471667,0.0,0.0,0.0,0.08441558441558442,0.4510244314356023
5e175b66-4b87-959f-f0cd-7f05ea87855e,4,7.0,0.0,3.6164,2,0.8571428571428571,3.0,0.177381,0.25,0.0,0.0,0.0684931506849315,0.0
5e6fea07-c453-6f1d-4199-2fdfb31022f0,3,6.0,0.0,1.726,3,0.8333333333333334,2.0,0.164167,0.0,0.0,0.0,0.0,0.0
5f90bed6-fb25-664d-630a-a767a2bb522b,5,27.0,27.0,0.6575,122,0.18518518518518517,5.0,0.85537,0.0,0.0,0.0,0.07407407407407407,3.7370098540666103
5fbbf0b1-8083-89c8-657e-01c90da23e5c,3,4.0,0.0,2.4658,2,1.0,2.0,0.081667,0.0,0.0,0.0,0.0,0.0
614c721d-a921-cb4c-95fb-e976ae007b7e,4,8.0,5.0,2.9589,2,1.0,4.0,0.317917,0.25,0.0,0.0,0.0,0.0
61935990-abdd-1a8f-a4b0-5c89f10bce9c,4,11.0,0.0,4.7671,3,0.7272727272727273,3.0,0.290682,0.0,0.0,0.0,0.0658682634730539,0.49936551852710337
624c69b6-b244-45a7-b7e5-848131c681ec,4,7.0,0.0,3.5342,2,1.0,3.0,0.141667,0.0,0.0,0.0,0.0,0.3487224085252616
6307d4d1-21c9-a15d-5104-5a16ef15ab72,4,7.0,0.0,5.4247,3,1.0,3.0,0.1425,0.0,0.0,0.0,0.6096256684491979,0.0
64880945-ad1d-b537-d7f3-4368c2efeecb,3,12.0,12.0,5.2603,4,1.0,3.0,0.493333,0.25,0.0,0.0,0.0962566844919786,1.4169145543617592
6502d6a2-ca6a-2224-171e-16cc5da36f1b,2,4.0,0.0,1.3151,3,1.0,2.0,0.0825,0.0,0.0,0.0,0.0,0.0
66132e69-7418-8109-d3d1-bf0f56c438e4,3,6.0,0.0,1.3973,5,0.6666666666666666,2.0,0.2075,0.0,0.0,0.0,0.0,0.0
668c879b-d2dc-42c8-32b8-d8aa21768dd7,1,1.0,0.0,0.0,2,1.0,1.0,0.021667,0.0,0.0,0.0,0.0,0.0
67884209-92ca-525a-6de5-93329364f3d0,4,12.0,12.0,7.4795,2,0.8333333333333334,4.0,0.533333,0.25,0.0,0.0,0.13653136531365315,0.9231488427828378
680ac07a-2a93-5d62-3c83-5dc0d9441fa5,5,10.0,0.0,3.6986,2,0.9,4.0,0.226667,0.0,0.0,0.0,0.0,0.588172855292223
692ac139-1f4a-8ca1-ab85-fd595463adc7,3,4.0,0.0,1.6438,4,1.0,2.0,0.083333,0.0,0.0,0.0,0.025974025974025976,0.0
696608aa-ee49-f329-c84a-7b28550a1b46,4,12.0,5.0,2.2192,4,0.5833333333333334,4.0,0.451667,0.0,0.0,0.0,0.0,0.4812749199863577
6a34c854-1071-4d51-36c5-9dacb4d7e28e,4,7.0,0.0,1.4795,12,1.0,3.0,0.2,0.25,1.0,1.0,0.11764705882352941,0.0
6aa0426d-f7c0-d5f7-69a5-3b4f8ff8869d,2,4.0,0.0,1.3151,3,1.0,2.0,0.0825,0.0,0.0,0.0,0.07042253521126761,0.0
6b15c11b-b113-d50b-dea0-50c6eb9ed274,3,4.0,0.0,3.0411,10,1.0,2.0,0.088333,0.0,0.0,0.0,0.0,0.0
6b52f93c-2321-e64e-620d-4a1f479f6628,1,3.0,0.0,0.0,8,1.0,1.0,0.066667,0.0,0.0,0.0,0.0,0.0
6c521d13-b719-bb68-2775-ee42a89e22f2,4,7.0,0.0,2.6301,2,1.0,3.0,0.141667,0.0,0.0,0.0,0.040983606557377046,0.0
6d39da75-aee7-0ab2-61fa-8e7a078c26ce,1,3.0,0.0,0.0,4,1.0,1.0,0.063333,0.0,0.0,0.0,0.0,0.0
6d3ee1dc-8139-2443-e45b-712eb8225688,4,27.0,27.0,8.3014,2,0.7777777777777778,4.0,0.607222,0.25,0.0,0.0,0.09349593495934959,3.464462390917428
6d9c5b50-a1fd-4187-9c3a-1e0bb5f3f8aa,4,11.0,0.0,1.5616,5,0.6363636363636364,3.0,0.363409,0.0,0.9666666666666667,1.0,0.14285714285714285,0.49936551852710337
6e3c4532-1434-8f62-6cac-028cba220065,5,10.0,0.0,2.2192,2,0.9,4.0,0.274444,0.0,0.9555555555555555,1.0,0.08333333333333333,0.3114192884525528
6e3cdd4f-55b1-45e4-70b2-7304545cd88d,4,7.0,0.0,3.2877,5,0.8571428571428571,3.0,0.179881,0.0,0.0,0.0,0.0,0.298297800918265
6e8f75a1-17dd-ed81-15da-705cd4ef00aa,4,12.0,12.0,6.7397,2,0.9166666666666666,4.0,0.5125,0.5,0.0,0.0,0.13821138211382114,0.9586242669127392
6ee35607-92ea-1324-ec93-e5962b015723,1,1.0,0.0,0.0,2,1.0,1.0,0.021667,0.0,0.0,0.0,0.0,0.0
6fb78271-504d-281f-c953-5b63ba81edd9,4,7.0,0.0,3.6164,2,1.0,3.0,0.141667,0.0,0.0,0.0,0.0,0.0
71a3fad2-b094-6d2a-2aa9-3b436d15f16f,4,7.0,0.0,0.9863,6,1.0,3.0,0.195,0.5,1.0,1.0,0.08823529411764706,0.0
722dce13-47a4-8c42-4665-34972fe922aa,1,3.0,0.0,0.0,2,1.0,1.0,0.061667,0.0,0.0,0.0,0.0,0.0
7249f62c-0898-7462-980c-b95c19d45deb,3,4.0,0.0,3.2055,2,1.0,2.0,0.081667,0.0,0.0,0.0,0.0,0.0
725d4259-3c4b-1eec-6231-ee7342c2d2eb,3,4.0,0.0,2.5479,2,0.75,2.0,0.144167,0.0,0.0,0.0,0.06976744186046512,0.0
72c22a16-79eb-4168-1045-56e5bee3eb79,3,4.0,0.0,2.5479,3,1.0,2.0,0.0825,0.0,0.0,0.0,0.0,0.0
72d35458-61ea-2f30-e42e-707afe2bd987,4,7.0,0.0,1.4795,2,1.0,3.0,0.191667,0.0,1.0,1.0,0.10526315789473684,0.0
735741e5-fe1a-1ba9-c896-9c5b45f8c28d,3,4.0,0.0,1.1507,3,1.0,2.0,0.0825,0.0,0.0,0.0,0.0,0.0
73e7f042-516c-3b0a-5385-3918bc4015fa,4,7.0,0.0,2.4658,3,0.5714285714285714,3.0,0.249643,0.0,0.0,0.0,0.0,0.0
75366b9f-320f-72c0-9dde-01889803b22e,4,7.0,0.0,4.274,2,0.8571428571428571,3.0,0.177381,0.25,0.0,0.0,0.0,0.0
755d814b-5f5b-a255-e544-9887b36ab3ed,1,1.0,0.0,0.411,2,1.0,1.0,0.021667,0.0,0.0,0.0,0.0,0.0
75b17a55-d426-2982-e43e-4288a2b5b498,3,8.0,8.0,0.2466,178,0.25,3.0,0.745833,0.0,0.0,0.0,0.0,0.21772144367170682
75f8e3a8-7d97-ac0f-bd56-09c4a4461663,4,7.0,0.0,5.8356,2,1.0,3.0,0.141667,0.0,0.0,0.0,0.5790754257907542,0.298297800918265
768b4f7e-6421-5e66-5fc6-4cd0721e8b1f,4,9.0,0.0,3.4521,2,0.8888888888888888,4.0,0.209444,0.0,0.0,0.0,0.07633587786259542,1.0604007932706931
76c5a0dc-7e7e-7419-a0c1-4035c5d95f51,2,6.0,6.0,0.3288,133,0.16666666666666666,2.0,0.689167,0.0,0.0,0.0,0.0,0.0
76e5ae78-7bf7-e1d3-6a66-2fce7089fc6d,3,19.0,19.0,0.6575,132,0.3157894736842105,3.0,0.831053,0.0,0.0,0.0,0.0,2.247337756610679
76f2dbfe-cd29-a36f-2222-82e174daaebf,2,3.0,0.0,0.5753,8,0.6666666666666666,1.0,0.15,0.0,0.0,0.0,0.0,0.0
781799ff-b49e-04cc-c243-69e72387eaf6,3,4.0,0.0,1.8904,6,1.0,2.0,0.085,0.0,0.0,0.0,0.1134020618556701,0.0
787f2425-dbcc-c477-09e9-db0adf465290,3,8.0,8.0,0.411,124,0.375,3.0,0.669583,0.0,0.0,0.0,0.14285714285714285,0.16646946345264288
7914c120-c8dc-d19f-3e35-11287900f7f9,4,7.0,0.0,1.6438,2,1.0,3.0,0.141667,0.0,0.0,0.0,0.0,0.03249573786144873
7a0ecfea-958c-a9ba-0cd6-20c20ea2622b,3,4.0,0.0,2.4658,4,1.0,2.0,0.083333,0.0,0.0,0.0,0.0,0.0
7a4a902f-21d6-3b0f-b1ac-040d6c1cc405,4,7.0,0.0,1.6438,6,1.0,3.0,0.195,0.0,1.0,1.0,0.038461538461538464,0.0
7a5d7c82-86c5-547c-051a-00393803dcee,1,0.0,0.0,0.0,6,0.0,0.0,0.255,0.0,0.0,0.0,0.0,0.0
7a8104de-b205-07bb-fb16-f75776f186ab,5,9.0,0.0,2.5479,2,1.0,4.0,0.181667,0.0,0.0,0.0,0.0,1.0604007932706931
7a89cbeb-b807-d78a-b788-f5d1ffe575f6,4,11.0,0.0,3.4521,2,0.36363636363636365,3.0,0.380758,0.0,0.0,0.0,0.0,0.49936551852710337
7c16128d-b2c0-8394-e17f-29e170286046,2,4.0,4.0,0.1644,142,0.25,2.0,0.635833,0.0,0.0,0.0,0.25,0.0
7d23d479-9549-2a82-b787-ef8d3495311e,3,11.0,11.0,5.7534,5,1.0,3.0,0.474167,0.25,0.0,0.0,0.07058823529411765,0.861071466860486
7d2f4e58-b47a-1c5b-b0b3-901535102852,4,7.0,0.0,2.4658,9,1.0,3.0,0.1475,0.25,0.0,0.0,0.07407407407407407,0.0
7d4ed26e-dcd5-bfae-abb3-16a743299780,4,7.0,0.0,2.3836,10,0.7142857142857143,3.0,0.219762,0.0,0.0,0.0,0.0,0.0
7e8adee7-0758-e201-561e-16d16105716b,4,7.0,0.0,1.3973,6,0.7142857142857143,3.0,0.266429,0.0,1.0,1.0,0.11904761904761904,0.0
7ed70ed7-b194-990b-6961-929e546e035a,4,7.0,0.0,2.0548,2,0.7142857142857143,3.0,0.213095,0.0,0.0,0.0,0.0,0.03249573786144873
7f0223bc-651e-a252-b974-4cded259f960,1,1.0,0.0,0.0,3,1.0,1.0,0.0225,0.25,0.0,0.0,0.0,0.0
80599b93-79c2-d2e4-9ae1-a991524f93ff,4,12.0,5.0,3.5342,2,0.8333333333333334,4.0,0.3875,0.25,0.0,0.0,0.06578947368421052,0.4812749199863577
816bcb9f-7426-b193-4b7e-6b3c87d292a6,3,7.0,0.0,3.1233,4,0.8571428571428571,3.0,0.179048,0.0,0.0,0.0,0.0,0.03249573786144873
8181a8cc-3691-47eb-89a2-688b12c136e0,4,9.0,0.0,2.7123,2,0.7777777777777778,3.0,0.237222,0.0,0.0,0.0,0.0,0.35563930828519164
84182d35-3e71-1433-bd90-b81afbe0e6b8,5,10.0,0.0,3.3699,6,0.8,4.0,0.255,0.0,0.0,0.0,0.0,0.3114192884525528
8471b4b0-ae1b-9f69-7740-d83173318749,3,6.0,0.0,2.3836,3,1.0,2.0,0.1225,0.0,0.0,0.0,0.0,0.0
8570b59f-a903-ae67-fc56-8b5324acb722,2,4.0,0.0,1.6438,2,1.0,2.0,0.081667,0.0,0.0,0.0,0.09230769230769231,0.0
861b4f5b-45a0-8539-6de8-370ace9e9ebd,1,3.0,0.0,0.5753,42,1.0,1.0,0.095,0.0,0.0,0.0,0.0,0.0
86879aa9-14f5-73d0-c991-2032df85c777,3,12.0,12.0,6.1644,2,1.0,3.0,0.491667,0.0,0.0,0.0,0.07514450867052024,0.9231488427828378
86e52753-7c93-f6cc-97d7-a560adb14670,3,4.0,0.0,1.9726,12,1.0,2.0,0.09,0.0,0.0,0.0,0.0,0.0
8861fe18-58e2-5888-0a83-81bec85aca46,2,4.0,4.0,0.2466,123,0.25,2.0,0.62,0.0,0.0,0.0,0.0,0.0
889fe107-443b-1d0f-3dbc-3093a8284442,1,0.0,0.0,0.0,4,0.0,0.0,0.253333,0.25,0.0,0.0,0.0,0.0
8991b01a-a2b0-3c4b-7c96-6b552f8d8ded,3,4.0,0.0,3.4521,2,0.75,2.0,0.144167,0.0,0.0,0.0,0.0,0.0
899ca782-e323-6d1a-3c1b-dacc18e19331,3,6.0,0.0,2.137,2,1.0,3.0,0.121667,0.0,0.0,0.0,0.0,0.0
89a3c811-895c-4fde-a3fa-40691519fd38,2,9.0,9.0,3.2877,6,1.0,2.0,0.435,0.0,0.0,0.0,0.10377358490566038,0.0743446865003741
8a2db2e6-3bfd-a8a6-705f-ddf566fadca0,3,7.0,0.0,2.6301,4,0.8571428571428571,3.0,0.179048,0.0,0.0,0.0,0.0,0.03249573786144873
8a4b8f7c-2147-2a15-fcce-96f6250a4578,3,8.0,8.0,6.0822,2,1.0,3.0,0.411667,0.0,0.0,0.0,0.12698412698412698,0.0
8ac8ad93-7e02-921d-f86b-543ae1b243cc,1,1.0,0.0,0.0,15,1.0,1.0,0.0325,0.0,0.0,0.0,0.0,0.0
8b0901ab-c66d-ceb3-4494-5e091d3ca5a4,2,3.0,0.0,1.6438,2,1.0,1.0,0.061667,0.0,0.0,0.0,0.0,0.0
8baaf744-a08d-d21b-e395-4cb17f7f6c0a,5,10.0,0.0,3.3699,2,0.8,4.0,0.251667,0.0,0.0,0.0,0.0,0.588172855292223
8beddb12-ad77-e82f-49a2-3a89e6b5a92c,4,7.0,0.0,2.9589,2,0.8571428571428571,3.0,0.177381,0.25,0.0,0.0,0.0,0.0
8cc36f3b-c3af-fcfe-734a-6ca38116e3fc,4,7.0,0.0,1.6438,3,1.0,3.0,0.1925,0.25,1.0,1.0,0.13333333333333333,0.3487224085252616
8ccc9cea-109f-d8ee-b5a4-720058f0dd23,3,7.0,0.0,2.2192,4,1.0,3.0,0.143333,0.0,0.0,0.0,0.045454545454545456,0.03249573786144873
8d244e3e-c4da-bddb-e0b1-5abaa6a27967,3,7.0,0.0,2.8767,2,0.8571428571428571,3.0,0.177381,0.0,0.0,0.0,0.0,0.0
8de08fc2-c3e1-5a85-d46e-f10411906f50,4,23.0,23.0,7.5616,4,0.8695652173913043,4.0,0.585942,0.0,0.0,0.0,0.09956709956709957,3.004017135940874
8e485223-46b9-8991-e14e-b70db380c73a,4,6.0,0.0,3.5342,2,0.6666666666666666,3.0,0.205,0.0,0.0,0.0,0.0,0.0
8e52fc42-73c3-74a6-dac7-26b667863fb3,1,1.0,0.0,0.0,8,1.0,1.0,0.026667,0.0,0.0,0.0,0.0,0.0
8ece1128-56ce-4b42-fc9e-1dcbcb7e6268,5,16.0,0.0,3.3699,4,0.875,5.0,0.334583,0.25,0.0,0.0,0.0,1.3927237937736727
8ed6ad5e-1831-8aa3-5466-9d1910df9974,3,6.0,0.0,4.1918,2,1.0,2.0,0.121667,0.0,0.0,0.0,0.6595744680851063,0.0
8ed8a80d-84cf-ee39-bf31-c29f82bbad84,2,3.0,0.0,1.0685,10,1.0,1.0,0.068333,0.25,0.0,0.0,0.0,0.0
8edddfcd-1e52-d770-3f89-7142fe716b14,3,5.0,5.0,2.7123,4,1.0,3.0,0.353333,0.0,0.0,0.0,0.0,0.0
8f158449-4f40-c22f-15b0-2530f020e992,3,8.0,8.0,5.0959,2,0.875,3.0,0.442917,0.25,0.0,0.0,0.1509433962264151,0.2116600253735273
8f15ba58-fce6-8504-87f8-424daae65fc1,3,4.0,0.0,2.5479,6,1.0,2.0,0.085,0.0,0.0,0.0,0.0,0.0
8f3dc97f-e6b0-da0a-b98f-5dbe15aede0f,2,3.0,0.0,1.6438,4,1.0,1.0,0.063333,0.0,0.0,0.0,0.07462686567164178,0.0
8fe069b6-eeda-a802-4568-f42689e03e22,4,16.0,16.0,7.2329,2,1.0,4.0,0.551667,0.25,0.0,0.0,0.14655172413793102,2.3118079571165544
905c7bdd-74f0-beae-6a59-43ce836435e3,3,4.0,0.0,1.1507,12,1.0,2.0,0.139444,0.0,0.9888888888888889,1.0,0.06451612903225806,0.0
90ce82e8-e9a5-3368-5812-9eb27c13f47a,1,1.0,0.0,0.0,9,1.0,1.0,0.0275,0.0,0.0,0.0,0.0,0.0
91519998-f293-3585-5a07-d758b357f3f9,1,3.0,0.0,0.0,10,1.0,1.0,0.068333,0.0,0.0,0.0,0.0,0.0
91b0e1d9-9d92-62af-2c8d-0e44e71e43a6,3,11.0,4.0,2.3014,6,0.9090909090909091,3.0,0.338636,0.0,0.0,0.0,0.0,0.33269340106439493
9280c5aa-8dd4-595b-5c63-b6f306ba8cd3,4,27.0,27.0,6.1644,2,0.8518518518518519,4.0,0.588704,0.5,0.0,0.0,0.11467889908256881,2.709997703815799
9384ec2b-44fe-acae-d248-a9a7ac1aa554,4,7.0,0.0,2.7945,5,0.7142857142857143,3.0,0.215595,0.25,0.0,0.0,0.0,0.3487224085252616
94340a03-3f07-f814-91d6-3f78e3e9de99,4,12.0,5.0,2.7945,2,0.6666666666666666,4.0,0.429167,0.25,0.0,0.0,0.0,0.4812749199863577
94a1875d-2db6-9edb-42de-ffccf86c2ca2,3,4.0,0.0,2.7123,3,1.0,2.0,0.0825,0.0,0.0,0.0,0.0,0.0
95831d58-ef4c-5119-8da5-d39b42c21797,1,4.0,4.0,0.2466,156,0.5,1.0,0.585,0.0,0.0,0.0,0.16666666666666666,0.0
960be0f4-9513-2c22-1583-9b99a50a13dc,1,0.0,0.0,0.0,3,0.0,0.0,0.2525,0.0,0.0,0.0,0.0,0.0
964db03f-9340-3fad-dc4a-d56bd6016237,2,3.0,0.0,1.726,5,0.6666666666666666,1.0,0.1475,0.0,0.0,0.0,0.01639344262295082,0.0
965befdf-6b4b-e411-8a4a-0e2df22b5b98,3,4.0,0.0,2.3014,2,1.0,2.0,0.081667,0.0,0.0,0.0,0.07920792079207921,0.0
965d744f-0445-c1a8-12af-97e4c536c66e,4,7.0,0.0,2.9589,2,0.5714285714285714,3.0,0.24881,0.25,0.0,0.0,0.0,0.3487224085252616
96fc734d-a003-cd28-ca8f-3653c9af18f8,3,4.0,0.0,2.7123,4,1.0,2.0,0.083333,0.0,0.0,0.0,0.0,0.0
97777f10-f2d2-393f-8e85-140d0f9aeb70,4,7.0,0.0,2.137,2,0.8571428571428571,3.0,0.177381,0.0,0.0,0.0,0.06,0.0
97fb613a-21f8-9d06-13f3-cade7a10013f,4,7.0,0.0,3.4521,2,1.0,3.0,0.141667,0.0,0.0,0.0,0.0,0.0
97fe56c5-4c9a-9f24-d7b4-c294bd44089d,4,7.0,0.0,4.274,2,1.0,3.0,0.141667,0.0,0.0,0.0,0.047337278106508875,0.0
98af5cca-6b11-b7cb-6372-542482c56b21,2,3.0,0.0,2.3014,2,1.0,1.0,0.061667,0.0,0.0,0.0,0.0,0.0
98cf1188-06d2-5913-a117-3719b023a0ea,3,3.0,0.0,2.5479,2,1.0,2.0,0.061667,0.0,0.0,0.0,0.0,0.0
98dc9e0b-51a1-f5df-06ac-10102e0869c1,1,3.0,0.0,0.0,5,1.0,1.0,0.064167,0.0,0.0,0.0,0.0,0.0
98e52499-218c-6e1c-9e37-4f7ac42cbc39,3,8.0,8.0,6.0,3,1.0,3.0,0.4125,0.0,0.0,0.0,0.11827956989247312,0.21772144367170682
9918ee46-1497-d658-7010-f7197e695d0d,4,12.0,12.0,0.6575,130,0.75,4.0,0.660833,0.0,0.0,0.0,0.05555555555555555,0.9586242669127392
9a069295-3b8d-3447-0e61-065f171b1b80,1,3.0,0.0,0.0,2,1.0,1.0,0.061667,0.0,0.0,0.0,0.0,0.0
9a4ffc0c-9165-f2ed-4c63-6e95025f5543,2,6.0,6.0,0.1644,125,0.5,2.0,0.599167,0.0,0.0,0.0,0.0,0.0
9b4e2c24-9479-e1e6-c927-7d9b6e0d2648,3,10.0,3.0,1.3973,3,0.5,3.0,0.4025,0.0,0.0,0.0,0.07142857142857142,0.1841118821424322
9b69554d-7c54-535f-6c8c-3b6aa974d079,4,12.0,5.0,1.6438,7,0.8333333333333334,4.0,0.391667,0.0,0.0,0.0,0.0,0.4812749199863577
9c3de1b0-022b-6683-9033-da6587cf63fd,5,27.0,27.0,0.5753,126,0.25925925925925924,5.0,0.840185,0.0,0.0,0.0,0.11538461538461539,3.341392093768605
9c7c7377-79a2-8903-fbe3-3b243eae0032,3,6.0,3.0,2.0548,10,1.0,3.0,0.253333,0.0,0.0,0.0,0.0,0.0
9c89d374-c664-95a7-8077-3e33690e7e62,2,4.0,0.0,2.5479,3,1.0,2.0,0.0825,0.0,0.0,0.0,0.06741573033707865,0.0
9d264599-c4dd-8df5-9aec-56a857311609,3,4.0,0.0,0.9041,3,0.75,2.0,0.195,0.0,1.0,1.0,0.17142857142857143,0.0
9d3616a1-08de-c921-260c-b547e2280fe3,1,1.0,0.0,0.0,5,1.0,1.0,0.024167,0.25,0.0,0.0,0.0,0.0
9d37efb6-eafb-3e90-54ec-84ce002ccb25,1,3.0,0.0,0.0,3,1.0,1.0,0.0625,0.25,0.0,0.0,0.0,0.0
9d6b9b62-6b53-5a19-a902-b73fcf39f648,3,4.0,0.0,2.5479,2,1.0,2.0,0.081667,0.0,0.0,0.0,0.0,0.0
9f64eeed-5c9d-927d-84b8-71bb300568d2,4,11.0,0.0,1.9726,3,1.0,3.0,0.2225,0.0,0.0,0.0,0.0,0.49936551852710337
9f708368-cb3c-f8ca-a392-57316b79afcc,4,12.0,5.0,2.8767,3,0.5833333333333334,4.0,0.450833,0.0,0.0,0.0,0.0,0.4812749199863577
9f871ce7-5487-fd4f-ebb7-a385aa0b7b14,3,12.0,12.0,4.1096,2,1.0,3.0,0.506667,0.0,0.3,1.0,0.10625,0.7754365873687321
9fd34579-4667-72ce-204e-178c10d08d11,3,8.0,0.0,1.4795,3,1.0,3.0,0.1625,0.0,0.0,0.0,0.0,0.0
a0279a18-6576-a410-0d41-ee472a5fda18,4,7.0,0.0,2.3014,4,0.8571428571428571,3.0,0.179048,0.0,0.0,0.0,0.056910569105691054,0.0
a075e927-5110-b492-f442-7e0b61484bb3,3,4.0,0.0,4.3562,2,1.0,2.0,0.081667,0.5,0.0,0.0,0.5482758620689655,0.0
a1a27485-7134-8c2a-780b-3657117b355b,3,24.0,24.0,5.2603,2,0.875,3.0,0.582917,0.0,0.0,0.0,0.10497237569060773,2.808512110910823
a21b0307-82af-085c-138d-994c2b0abedd,3,5.0,5.0,2.3836,5,1.0,3.0,0.354167,0.0,0.0,0.0,0.0,0.0
a3209116-222d-f6a4-8163-b6ce1877bc06,3,5.0,0.0,1.4795,3,1.0,2.0,0.1025,0.0,0.0,0.0,0.0,0.0
a34db7c5-760d-ebbb-3b70-b3a124a35cf2,3,4.0,0.0,3.1233,2,1.0,2.0,0.081667,0.25,0.0,0.0,0.1,0.0
a3595d1f-7fe4-a42e-3db7-88a61cdcc4c2,3,4.0,0.0,1.1507,18,1.0,2.0,0.145,0.0,1.0,1.0,0.10344827586206896,0.0
a42d0cd7-fd35-9f6a-7450-388748d90846,3,10.0,3.0,2.5479,3,0.8,3.0,0.3275,0.0,0.0,0.0,0.06956521739130435,0.1841118821424322
a53bc024-d1a6-9d87-f54e-2019ba35844e,5,27.0,27.0,8.7945,2,0.5925925925925926,5.0,0.653519,0.0,0.0,0.0,0.13138686131386862,2.728303766225625
a56b61e0-4ba8-a4ca-6449-cb6fbf72ae52,3,4.0,0.0,3.863,5,1.0,2.0,0.084167,0.0,0.0,0.0,0.06201550387596899,0.0
a5b40983-3eeb-c04a-9df2-372e9e825aae,1,1.0,0.0,0.0,6,1.0,1.0,0.025,0.25,0.0,0.0,0.0,0.0
a65be22b-d5a3-86d9-c362-a810a2611b8d,2,3.0,3.0,1.5616,7,1.0,2.0,0.315833,0.0,0.0,0.0,0.05970149253731343,0.0
a6eab79e-d21c-82f8-cada-4f80a9e782d4,3,12.0,12.0,5.9178,2,1.0,3.0,0.491667,0.0,0.0,0.0,0.1404494382022472,1.077541947356139
a6fd0cb1-16e6-e5c0-c4cb-294fe86e8e63,2,4.0,4.0,0.0,147,0.5,2.0,0.5775,0.25,0.0,0.0,0.0,0.0
a748dbcf-ac61-9e63-0dde-29a6baa4b71a,3,4.0,0.0,1.6438,2,1.0,2.0,0.081667,0.0,0.0,0.0,0.0,0.0
a847bce7-90fa-6b57-24ac-2130deaf528d,5,9.0,0.0,3.863,4,1.0,4.0,0.183333,0.25,0.0,0.0,0.07514450867052024,1.0604007932706931
a8f1e091-ffb8-102d-9475-dbc996418ced,4,26.0,26.0,7.1507,3,0.7307692307692307,4.0,0.619808,0.25,0.0,0.0,0.07555555555555556,3.551784148256352
a995ecc3-6f5b-09a6-0ff1-c51f915cb31b,4,8.0,5.0,3.6986,2,1.0,4.0,0.317917,0.0,0.0,0.0,0.07586206896551724,0.0
a9f948b2-4e63-84bb-3e49-3f43b118f68d,2,9.0,9.0,3.3699,3,1.0,2.0,0.4325,0.0,0.0,0.0,0.09574468085106383,0.0743446865003741
aca58d95-915a-1c30-4b86-b5a1ca6fbff8,3,4.0,0.0,0.9863,2,1.0,2.0,0.081667,0.25,0.0,0.0,0.04225352112676056,0.0
af34cf65-a193-c4b2-3c19-e71d118405ad,4,23.0,23.0,8.3836,3,0.5652173913043478,4.0,0.661196,0.25,0.0,0.0,0.11067193675889328,3.8778714119374462
af70de70-2b69-c95e-8567-1b58926bffa5,2,3.0,0.0,3.1233,3,1.0,1.0,0.0625,0.0,0.0,0.0,0.7347826086956522,0.0
afbb411a-a123-5a8c-93b7-a88612f70c97,3,4.0,0.0,2.5479,3,1.0,2.0,0.0825,0.25,0.0,0.0,0.0,0.0
afd380c4-2713-582c-f41e-a3ac5fd23109,2,3.0,3.0,1.0685,7,1.0,2.0,0.315833,0.0,0.0,0.0,0.0,0.0
b08a4895-d4ff-a666-75c8-e90d9e3d750d,4,13.0,0.0,2.6301,5,0.9230769230769231,4.0,0.283397,0.0,0.0,0.0,0.0,0.8277041763708305
b18753e6-d457-8ad9-a867-a096edd877c8,2,1.0,0.0,1.726,5,1.0,1.0,0.024167,0.25,0.0,0.0,0.0,0.0
b253d218-6c4a-37ea-4906-17f2747b6dba,3,4.0,0.0,2.0548,3,1.0,2.0,0.0825,0.25,0.0,0.0,0.0,0.0
b390b059-207b-be21-a7e8-d18eddf6d4ac,3,8.0,8.0,5.7534,2,1.0,3.0,0.411667,0.5,0.0,0.0,0.0918918918918919,0.16646946345264288
b3eda8f1-026b-5383-a301-ec030e5d8c6a,4,7.0,0.0,3.2877,4,0.7142857142857143,3.0,0.214762,0.0,0.0,0.0,0.0,0.3487224085252616
b4157cea-0738-8ba4-9770-a3dbe9fa97e2,1,1.0,0.0,0.0,3,1.0,1.0,0.0225,0.0,0.0,0.0,0.0,0.0
b42a2d93-9aba-0f15-b214-90623e1a963e,4,12.0,5.0,3.4521,4,0.75,4.0,0.41,0.0,0.0,0.0,0.0,0.4812749199863577
b4a69f3c-8d3a-ed99-711c-21c9bdc14f1f,1,0.0,0.0,0.5753,7,0.0,0.0,0.255833,0.0,0.0,0.0,0.0,0.0
b4adaf89-0ff1-aa9f-ba37-0623bc5fd4dd,3,4.0,0.0,0.2466,7,1.0,2.0,0.131389,0.0,0.9111111111111111,1.0,0.13333333333333333,0.0
b5b453ca-3d42-993c-cc9f-d3349bdf0377,2,3.0,0.0,1.2329,22,0.6666666666666666,1.0,0.161667,0.25,0.0,0.0,0.0,0.0
b63b4dc3-a559-e463-79e1-3ceab0cbc61f,3,12.0,12.0,4.1096,3,1.0,3.0,0.4925,0.0,0.0,0.0,0.09482758620689655,0.6393643039032164
b65feea9-7d82-4264-1ba3-62e7afa415e5,3,7.0,0.0,1.9726,2,0.8571428571428571,3.0,0.177381,0.0,0.0,0.0,0.044444444444444446,0.3487224085252616
b69f75c5-c82b-a1be-61eb-64e6fd498e20,1,0.0,0.0,0.0,3,0.0,0.0,0.2525,0.0,0.0,0.0,0.0,0.0
b6f6dbf1-d6d4-41cc-195d-82f8ee4a9b5d,4,23.0,23.0,8.0548,2,0.9130434782608695,4.0,0.573406,0.25,0.0,0.0,0.09541984732824428,3.004017135940874
b89f72f3-2a60-c652-e714-7668cf1d7d3a,3,13.0,13.0,6.411,2,1.0,3.0,0.511667,0.25,0.0,0.0,0.11282051282051282,0.8277041763708305
b8a6171f-1ee3-4dc4-3b04-8a8b405bfdc9,3,4.0,0.0,3.1233,2,1.0,2.0,0.081667,0.25,0.0,0.0,0.0,0.0
ba2c98ce-0b19-f88e-9d77-a45ef206c269,5,27.0,27.0,0.6575,126,0.2962962962962963,5.0,0.830926,0.25,0.0,0.0,0.3333333333333333,2.728303766225625
bcaff931-ead1-8464-ca8e-858cd0f81063,1,3.0,0.0,0.0,2,1.0,1.0,0.061667,0.25,0.0,0.0,0.0,0.0
bcc57be0-0779-250a-6544-e3136ea05d13,3,8.0,8.0,0.5753,132,0.25,3.0,0.7075,0.0,0.0,0.0,0.14285714285714285,0.16646946345264288
bd1531c8-3764-fbda-3108-d4482f65fafa,3,22.0,22.0,4.5205,2,0.5454545454545454,3.0,0.665303,0.0,0.0,0.0,0.10948905109489052,2.0174553904100154
bd29ede9-cab4-923b-f448-83858de7ad6c,3,23.0,23.0,4.1096,2,0.5217391304347826,3.0,0.671232,0.25,0.0,0.0,0.09655172413793103,2.6308854499582295
bed63da0-8033-f5c2-1413-d64db962c8a7,3,4.0,0.0,1.5616,14,1.0,2.0,0.091667,0.0,0.0,0.0,0.030927835051546393,0.0
beed10b6-4f6e-274b-deda-b0276550f74a,2,1.0,0.0,3.6164,4,1.0,1.0,0.023333,0.0,0.0,0.0,0.6157635467980296,0.0
bfbf397b-ac3e-7b0d-5e5b-a13d746cdb77,4,7.0,0.0,3.3699,2,1.0,3.0,0.141667,0.25,0.0,0.0,0.08955223880597014,0.03249573786144873
c09cb506-48f1-096d-9c4f-fb4671b701aa,3,6.0,0.0,1.6438,11,1.0,3.0,0.129167,0.0,0.0,0.0,0.0,0.07457445022956621
c1101266-2408-a6dc-1346-d1a9f6802cdb,4,23.0,23.0,0.4932,146,0.34782608695652173,4.0,0.83471,0.0,0.0,0.0,0.125,2.654884587262439
c194f97f-00e3-a026-d5b6-de85390239d9,4,6.0,0.0,2.4658,2,1.0,3.0,0.121667,0.0,0.0,0.0,0.08181818181818182,0.0
c28fa16b-0aa6-fcb9-c1bc-be59d296a12d,3,5.0,5.0,2.4658,4,1.0,3.0,0.353333,0.25,0.0,0.0,0.0,0.0
c36b9a0a-41e0-2a89-566a-9ce7af521b94,2,4.0,4.0,4.274,2,1.0,2.0,0.331667,0.0,0.0,0.0,0.11724137931034483,0.0
c4615234-8044-beb2-b66e-dbf4a0ea0251,2,1.0,0.0,1.8082,7,0.0,1.0,0.275833,0.0,0.0,0.0,0.0,0.0
c4767556-f97b-e2dd-8f9b-72aed85c16bd,3,12.0,0.0,1.8082,3,0.8333333333333334,3.0,0.284167,0.0,0.0,0.0,0.0,0.6393643039032164
c5c5b37a-f85e-06a1-1dad-09b252c21221,4,7.0,0.0,0.9041,12,0.5714285714285714,3.0,0.296587,0.0,0.7888888888888889,1.0,0.0,0.3487224085252616
c605e58a-4845-4343-ddb4-49dc77106966,4,7.0,0.0,5.9178,6,1.0,3.0,0.145,0.0,0.0,0.0,0.6692913385826772,0.0
c6435300-68a5-1c68-632d-bb5e486bb6bf,3,4.0,0.0,5.0959,7,1.0,2.0,0.085833,0.25,0.0,0.0,0.6733167082294265,0.0
c64c9647-9ea7-017c-b89f-7039a107cc46,3,5.0,5.0,2.3836,2,1.0,3.0,0.351667,0.0,0.0,0.0,0.0,0.0
c6a07656-c5c9-fb91-ff6e-f9ed7e4ce29f,3,4.0,0.0,1.6438,11,1.0,2.0,0.089167,0.0,0.0,0.0,0.0,0.0
c7332304-4822-3120-c4f9-eccd7630a8a7,3,4.0,0.0,3.0411,2,1.0,2.0,0.081667,0.0,0.0,0.0,0.0,0.0
c80c2195-8b65-84ce-7acc-99705beec570,1,3.0,0.0,0.0,2,1.0,1.0,0.061667,0.0,0.0,0.0,0.0,0.0
c8d0f9e5-9919-65ea-98d0-0c2c17d30f32,3,12.0,12.0,5.589,2,1.0,3.0,0.491667,0.5,0.0,0.0,0.08333333333333333,0.6769921794796971
c9525185-81e0-3a5e-8b48-f49686abd4e7,3,7.0,0.0,1.6438,2,0.5714285714285714,3.0,0.24881,0.0,0.0,0.0,0.0,0.0
c958e75e-21d5-3971-3367-49b52cf6bf75,3,7.0,0.0,2.0548,6,0.7142857142857143,3.0,0.216429,0.0,0.0,0.0,0.0,0.0
c9c23e69-d82c-7565-4bb9-07ec13c11754,4,23.0,23.0,5.0137,2,0.6086956521739131,4.0,0.649493,0.0,0.0,0.0,0.14906832298136646,2.1156716281279477
c9ce44bd-7c3f-1add-da38-5db590eeb067,3,7.0,0.0,1.8904,8,1.0,3.0,0.146667,0.0,0.0,0.0,0.053763440860215055,0.0
c9d6a63b-ca3c-6f5f-5bb5-c40c03cde2e3,4,7.0,0.0,2.3836,3,1.0,3.0,0.1425,0.0,0.0,0.0,0.0,0.0
c9e26074-4f16-39a0-0a17-991ea5769411,4,7.0,0.0,1.2329,9,1.0,3.0,0.1975,0.0,1.0,1.0,0.02702702702702703,0.0
cb371d97-cdcc-2d6a-1a16-998c7648776e,1,0.0,0.0,0.0,5,0.0,0.0,0.254167,0.0,0.0,0.0,0.0,0.0
cb6ad0c7-a235-6dd4-1355-08d073b5bad5,5,10.0,0.0,4.4384,2,0.9,4.0,0.226667,0.0,0.0,0.0,0.0,0.588172855292223
cb881c32-cbb0-2a8b-d908-a121d1a7ba20,3,4.0,0.0,0.411,10,1.0,2.0,0.136389,0.25,0.9611111111111111,1.0,0.08333333333333333,0.0
cbb18c79-1036-708d-d9a0-90075bb47c18,5,10.0,0.0,4.7671,3,0.8,4.0,0.2525,0.0,0.0,0.0,0.0,0.43371876920624003
cc152a1b-e278-9642-a484-e035330faaa3,1,1.0,0.0,0.0,7,1.0,1.0,0.025833,0.25,0.0,0.0,0.0,0.0
ccac2fb5-1a0c-6c04-93cd-129110042d82,3,4.0,0.0,4.7671,6,1.0,2.0,0.085,0.0,0.0,0.0,0.6136986301369863,0.0
cd98f9e2-8d88-8beb-090d-9655db842660,3,4.0,0.0,2.3836,2,1.0,2.0,0.081667,0.25,0.0,0.0,0.08888888888888889,0.0
ce777f00-ecf2-7e76-8519-7ff4006ed6e3,4,28.0,28.0,6.9041,2,0.7857142857142857,4.0,0.605238,0.0,0.0,0.0,0.14767932489451477,2.870473441388747
cf03f0c8-0eff-d5bd-47eb-340dc74e48ff,1,3.0,0.0,0.0,2,1.0,1.0,0.061667,0.25,0.0,0.0,0.0,0.0
cf0e6d2b-315c-167a-45d8-a6ad77d0359e,4,23.0,23.0,6.5753,3,0.782608695652174,4.0,0.606848,0.25,0.0,0.0,0.1324200913242009,2.654884587262439
cf2e3296-7184-b713-a55f-65b7e709fba6,1,1.0,0.0,0.0,17,1.0,1.0,0.034167,0.0,0.0,0.0,0.0,0.0
cf767343-fced-f994-d631-c383303014d0,1,3.0,0.0,0.0,5,1.0,1.0,0.064167,0.0,0.0,0.0,0.0,0.0
cf89569d-e550-d736-0780-6e713811b519,1,0.0,0.0,0.0,8,0.0,0.0,0.256667,0.0,0.0,0.0,0.0,0.0
d038e153-c601-818b-61fa-01ba231ae7c7,3,4.0,0.0,0.9041,5,1.0,2.0,0.134167,0.0,1.0,1.0,0.08333333333333333,0.0
d0725b5c-a281-4044-6f96-288295d82980,4,13.0,0.0,2.4658,5,0.7692307692307693,4.0,0.371859,0.25,1.0,1.0,0.13114754098360656,0.8277041763708305
d1682e09-f1f7-d904-1307-5157d8c128e7,3,8.0,8.0,6.6575,5,1.0,3.0,0.414167,0.0,0.0,0.0,0.1308411214953271,0.16646946345264288
d52721e7-19bc-143e-fb02-bebb48729a4d,3,24.0,24.0,4.3562,3,0.75,3.0,0.615,0.0,0.0,0.0,0.08661417322834646,2.2642531470499105
d5f25073-f414-02b1-e442-9ebbda7b9095,3,4.0,0.0,1.3151,3,1.0,2.0,0.0825,0.0,0.0,0.0,0.0,0.0
d6d7b3b8-3309-4d35-3f4d-f561f319c125,1,3.0,0.0,1.1507,6,1.0,1.0,0.065,0.0,0.0,0.0,0.058823529411764705,0.0
d72b6108-2a40-5f12-b963-f37f67814c1f,5,10.0,0.0,2.6301,3,0.8,4.0,0.3025,0.5,1.0,1.0,0.0410958904109589,0.43371876920624003
d7c4fe9c-e1e0-fffc-98f6-fd7f7eb162f1,3,4.0,0.0,2.6301,2,1.0,2.0,0.081667,0.0,0.0,0.0,0.0,0.0
d8d994b8-d90f-74e9-06dd-f6cab0c30a59,3,6.0,0.0,2.3014,2,0.5,2.0,0.246667,0.25,0.0,0.0,0.0,0.0
d8dff535-c62d-baea-de70-bd3000a21367,3,4.0,0.0,2.7123,3,0.75,2.0,0.145,0.0,0.0,0.0,0.0,0.0
d8e7012f-3968-1c81-7b70-c3b8a81fdec3,4,7.0,0.0,4.0274,2,1.0,3.0,0.141667,0.0,0.0,0.0,0.08695652173913043,0.0
d8e70aeb-e7b3-3085-178b-e96820f87ba2,1,3.0,0.0,0.0,12,1.0,1.0,0.07,0.0,0.0,0.0,0.0,0.0
d9750f00-d5ab-a8ae-9112-fbc03d8f95f4,4,23.0,23.0,5.6712,2,0.5652173913043478,4.0,0.660362,0.25,0.0,0.0,0.12663755458515283,2.1596250655731373
da3c45ca-43d7-8f2b-769d-e1e34eed4124,4,12.0,12.0,6.3288,2,1.0,4.0,0.491667,0.5,0.0,0.0,0.12745098039215685,0.6769921794796971
dabac50d-ca3d-d859-c5ce-099c46b82659,4,7.0,0.0,3.6986,2,0.7142857142857143,3.0,0.213095,0.0,0.0,0.0,0.0,0.0
dabf984e-53ff-8461-2a1f-1b61265cb9d9,2,4.0,0.0,1.726,28,1.0,2.0,0.103333,0.0,0.0,0.0,0.0,0.0
db20a56e-dc81-5fe7-ceda-8bbb71710434,4,25.0,25.0,6.4932,2,0.6,4.0,0.651667,0.0,0.0,0.0,0.12272727272727273,3.366558442446094
dbd30aec-0b46-1173-00a8-547382425912,4,12.0,12.0,0.0822,134,0.5833333333333334,4.0,0.705833,0.25,0.0,0.0,0.4166666666666667,0.4812749199863577
dd83ad03-7066-e289-1644-84a0d1151fff,4,12.0,12.0,0.6575,126,0.6666666666666666,4.0,0.678333,0.0,0.0,0.0,0.1111111111111111,0.4812749199863577
de9e3757-5260-001e-eecf-67d2749176f4,3,21.0,21.0,0.4932,127,0.3333333333333333,3.0,0.8225,0.25,0.0,0.0,0.0,2.6256774462757764
df7d0dd7-236e-1608-9acb-394acd1f5318,4,7.0,0.0,0.7397,2,0.7142857142857143,3.0,0.263095,0.25,1.0,1.0,0.10869565217391304,0.0
df9b141e-c7f7-bda1-bff1-5840207e863f,3,7.0,0.0,2.137,3,0.7142857142857143,3.0,0.213929,0.25,0.0,0.0,0.10344827586206896,0.3487224085252616
e0ccedc5-f05d-b76e-1a84-a51aa9d3d7c7,3,7.0,0.0,1.726,12,0.8571428571428571,3.0,0.185714,0.0,0.0,0.0,0.037037037037037035,0.03249573786144873
e1721c83-ef5e-4376-a723-fb72682b163a,4,7.0,0.0,2.7123,8,0.7142857142857143,3.0,0.259206,0.5,0.8222222222222222,1.0,0.13636363636363635,0.03249573786144873
e1cde87f-ec95-5f87-ae5e-c36572eb7474,4,7.0,0.0,2.5479,8,1.0,3.0,0.146667,0.0,0.0,0.0,0.0,0.0
e1fdc6d1-6978-5221-7fb7-5c574b8c031f,1,3.0,0.0,0.0,5,1.0,1.0,0.064167,0.0,0.0,0.0,0.0,0.0
e27718c5-737d-1fb6-d113-76e038d77b9a,2,5.0,0.0,1.0685,14,0.8,2.0,0.161667,0.0,0.0,0.0,0.0,0.0
e49d681d-51d8-7c64-55fa-1ab8458f1f19,3,7.0,0.0,2.137,2,1.0,3.0,0.141667,0.0,0.0,0.0,0.0,0.0
e5508ea2-6133-a34d-8b0e-8eb1ad371d9e,3,7.0,0.0,1.2329,11,1.0,3.0,0.149167,0.0,0.0,0.0,0.0,0.0
e6e987ca-b87b-6384-9fdd-de2ea8a2b7ad,4,6.0,0.0,2.8767,3,1.0,3.0,0.1225,0.0,0.0,0.0,0.10144927536231885,0.0
e6fdd7af-dd84-cacc-f672-94643f8ea40a,2,4.0,0.0,1.8082,2,1.0,2.0,0.081667,0.0,0.0,0.0,0.0,0.0
e723ada3-8c32-bdb2-d42a-895e0fcf601f,2,6.0,6.0,0.5753,124,1.0,2.0,0.473333,0.0,0.0,0.0,0.0,0.0
e76adca9-7811-6802-c8cc-7cfecf01f944,3,6.0,0.0,3.0411,5,0.8333333333333334,2.0,0.165833,0.0,0.0,0.0,0.0,0.0
e87466d7-ad66-a1bd-9367-6a024fdc6e1b,4,7.0,0.0,3.2877,3,1.0,3.0,0.1425,0.0,0.0,0.0,0.0,0.0
e87d1c78-e7c4-21c7-4049-7b717d106c60,5,10.0,0.0,2.3014,4,1.0,4.0,0.253333,0.0,1.0,1.0,0.10344827586206896,0.5448091531177404
e886a011-36f7-a26c-5a9c-06792c3d17e2,1,0.0,0.0,0.0,9,0.0,0.0,0.2575,0.0,0.0,0.0,0.0,0.0
e893be3d-7354-ea6f-6160-745985c7504b,3,12.0,12.0,5.3425,2,1.0,3.0,0.491667,0.5,0.0,0.0,0.11931818181818182,0.5957586387787966
e8b3d763-f4ff-3f3a-4d9d-baeb553d2625,4,7.0,0.0,1.3151,4,0.8571428571428571,3.0,0.229048,0.25,1.0,1.0,0.06382978723404255,0.0
e9ad0e9b-8c9a-a1e9-b3b2-63376a74dbb7,4,7.0,0.0,0.5753,7,1.0,3.0,0.195833,0.0,1.0,1.0,0.07407407407407407,0.0
e9ff1cae-41c8-ca8c-2a1f-955ad499da99,4,7.0,0.0,3.4521,3,1.0,3.0,0.1425,0.25,0.0,0.0,0.0,0.03249573786144873
ea163354-a35f-c9c1-9804-95628972abbd,5,10.0,0.0,3.2055,2,0.9,4.0,0.226667,0.0,0.0,0.0,0.0,0.43371876920624003
ea98fef8-d0d7-5e37-3bf2-025f4a0d2b73,4,7.0,0.0,2.3836,2,1.0,3.0,0.141667,0.25,0.0,0.0,0.0,0.0
eb4d8f42-8735-70a2-e511-09611869a217,3,12.0,12.0,8.137,2,0.9166666666666666,3.0,0.5125,0.0,0.0,0.0,0.07655502392344497,0.4812749199863577
eb6c1016-cee6-24d0-9dac-6e8345241ea6,3,6.0,3.0,2.8767,2,1.0,3.0,0.246667,0.0,0.0,0.0,0.06611570247933884,0.0
ebc1bb52-82e4-dd4a-143a-c1c54f560ed5,3,8.0,0.0,3.5342,5,1.0,2.0,0.164167,0.25,0.0,0.0,0.6644518272425249,0.0
ebd34616-91b7-8d8e-d301-6989bfbbb17f,4,13.0,3.0,3.6164,2,0.7692307692307693,4.0,0.390385,0.25,0.26666666666666666,1.0,0.0,0.6298564389083204
ebe9e207-4f19-9ec0-c32d-4526b3e4110a,2,3.0,0.0,1.1507,7,1.0,1.0,0.065833,0.25,0.0,0.0,0.017241379310344827,0.0
ec50ace4-80a5-2e65-afa2-855967c96204,3,12.0,12.0,4.5205,2,0.6666666666666666,3.0,0.575,0.25,0.0,0.0,0.11560693641618497,1.077541947356139
ec95b3ac-0beb-7c34-4566-7c4879ba630a,4,7.0,0.0,2.9589,2,0.8571428571428571,3.0,0.177381,0.0,0.0,0.0,0.1,0.0
eec259dc-7f95-897c-276a-a6ced50755d9,4,7.0,0.0,1.6438,11,1.0,3.0,0.187778,0.25,0.7722222222222221,1.0,0.04,0.03249573786144873
ef69a980-5ad4-79ef-636f-a890cc21cbdb,1,3.0,0.0,0.0,9,1.0,1.0,0.0675,0.25,0.0,0.0,0.0,0.0
ef8c485b-c07a-30f2-edd4-253b50f0fd0a,3,4.0,0.0,3.0411,7,0.75,2.0,0.148333,0.0,0.0,0.0,0.0,0.0
f004e897-a15b-2e18-afb0-64065f4b1a97,1,3.0,0.0,0.0,2,1.0,1.0,0.061667,0.0,0.0,0.0,0.0,0.0
f065c817-687a-4850-9d9b-62317d45d8ef,4,27.0,27.0,7.9726,5,0.5925925925925926,4.0,0.656019,0.0,0.0,0.0,0.09865470852017937,2.709997703815799
f090f5a0-ce61-0199-6e3a-0ba8ac8d6c7d,3,8.0,8.0,5.5068,4,1.0,3.0,0.413333,0.75,0.0,0.0,0.16042780748663102,0.16646946345264288
f0b2a5d1-8c7e-6f42-2646-eaf9d5c0244d,4,7.0,0.0,2.5479,6,0.8571428571428571,3.0,0.180714,0.0,0.0,0.0,0.0,0.298297800918265
f1738856-e25d-36eb-9e9a-9f83066803ee,4,16.0,16.0,8.2192,2,1.0,4.0,0.551667,0.0,0.0,0.0,0.08461538461538462,1.0756009956742087
f1b88d65-406f-64d6-5c72-aebd13b11e59,2,6.0,6.0,0.2466,124,0.3333333333333333,2.0,0.64,0.0,0.0,0.0,0.07142857142857142,0.0
f200c261-4d29-d1ab-3455-12f701f7c7ec,2,1.0,0.0,3.2877,6,1.0,1.0,0.025,0.0,0.0,0.0,0.6790123456790124,0.0
f2a32efd-ff13-8c80-c398-c3320e500785,1,1.0,0.0,0.0,2,1.0,1.0,0.021667,0.0,0.0,0.0,0.0,0.0
f2c84743-9027-e770-2460-d0d2904883c1,1,0.0,0.0,0.0,4,0.0,0.0,0.253333,0.0,0.0,0.0,0.0,0.0
f2f25eef-1f45-dbfd-f7dc-67e030974b2b,4,7.0,0.0,3.4521,2,0.7142857142857143,3.0,0.213095,0.25,0.0,0.0,0.0,0.298297800918265
f3bc9a71-07f4-fee5-2c82-989ffd9cfbb0,1,1.0,0.0,0.0,5,1.0,1.0,0.024167,0.25,0.0,0.0,0.0,0.0
f3d04ffb-4470-9848-929e-cc924a11be44,5,10.0,0.0,4.9315,2,1.0,4.0,0.201667,0.0,0.0,0.0,0.0,0.5448091531177404
f413db19-bade-8d5d-6fff-15ccb2dc6c34,3,12.0,12.0,4.0274,8,1.0,3.0,0.496667,0.0,0.0,0.0,0.16778523489932887,0.9231488427828378
f48f709c-49a2-2441-0ac4-de854a5b1aff,4,16.0,16.0,6.411,2,1.0,4.0,0.551667,0.0,0.0,0.0,0.0913978494623656,1.4588722236937164
f4d375c1-a293-19fa-3240-d7a14027ab7d,5,10.0,0.0,2.4658,8,0.8,4.0,0.306667,0.0,1.0,1.0,0.1044776119402985,0.5448091531177404
f4e95734-5052-1700-6077-96a38685abaa,5,9.0,0.0,4.0274,2,0.7777777777777778,4.0,0.237222,0.0,0.0,0.0,0.0,1.0604007932706931
f50d7a37-a44d-9fec-fd85-d7fa8ac97b01,2,6.0,6.0,4.0274,2,1.0,2.0,0.371667,0.0,0.0,0.0,0.11666666666666667,0.0
f5141058-3138-3975-7bf3-3a349c2dfa97,4,13.0,0.0,2.8767,2,0.7692307692307693,4.0,0.319359,0.0,0.0,0.0,0.0,0.8277041763708305
f5b78cc7-e6b3-c944-cb32-3e357922bac2,3,10.0,10.0,0.411,136,0.5,3.0,0.688333,0.0,0.0,0.0,0.0,0.2626845589679882
f5c9b047-9c10-c572-0f6b-40d09efba58b,3,8.0,8.0,0.411,127,0.625,3.0,0.609583,0.0,0.0,0.0,0.1111111111111111,0.09200095104374786
f7e9101d-3f8b-4433-b60e-695c1759ba96,3,4.0,0.0,1.8082,2,0.75,2.0,0.144167,0.0,0.0,0.0,0.12087912087912088,0.0
f93e08d5-bea2-9dfe-c73f-6e1baf908e3c,4,11.0,0.0,0.5753,7,0.7272727272727273,3.0,0.335682,0.0,0.8333333333333333,1.0,0.0,0.49936551852710337
f99cea5c-b65a-d0f1-4350-ab061059ea28,3,4.0,0.0,2.4658,3,1.0,2.0,0.0825,0.0,0.0,0.0,0.0,0.0
fb8fe8c4-d8b4-8ead-9360-8edf382b5b86,1,1.0,0.0,0.0,3,1.0,1.0,0.0225,0.25,0.0,0.0,0.0,0.0
fbe94499-dbc0-80fd-46fb-7bf300b9d4a3,1,3.0,0.0,0.411,7,0.6666666666666666,1.0,0.149167,0.0,0.0,0.0,0.0,0.0
fd235def-3e5a-87e3-5560-db22c96b5edb,2,4.0,0.0,0.9863,11,0.75,2.0,0.151667,0.0,0.0,0.0,0.0,0.0
fde91c42-002c-4c22-74de-5f7070f81dba,4,27.0,27.0,6.0822,4,0.7037037037037037,4.0,0.627407,0.0,0.0,0.0,0.07441860465116279,3.3383202235874236
fe7c80e9-a179-1e93-3fc8-25ac869bc00f,1,1.0,0.0,0.0,2,1.0,1.0,0.021667,0.0,0.0,0.0,0.0,0.0
ff233d5f-6ced-d15d-5800-7c0287ea7ff5,3,4.0,0.0,0.4932,9,1.0,2.0,0.1375,0.0,1.0,1.0,0.16666666666666666,0.0
ff4625af-bd20-563b-f275-b5f3d436a7a8,3,4.0,0.0,1.726,12,1.0,2.0,0.09,0.0,0.0,0.0,0.0,0.0
ff4c96d6-71f2-ce8f-b69f-68c3e60fd420,3,5.0,5.0,0.2466,3,0.8,3.0,0.4525,0.0,1.0,1.0,0.13333333333333333,0.0
ffa623d0-ea9e-5c8d-b1a8-b71f491b90e9,3,6.0,0.0,1.8082,6,1.0,3.0,0.125,0.0,0.0,0.0,0.0,0.0
